Benefit Description,Benefit Code,Issue Description,Case Code,CCD_KEY,Session Cat,Other Session Cat,Duration,Panel members,Comment
UNIVERSAL CREDIT,001,APPEAL DIRECTLY LODGED,DD,001DD,01,,,Judge alone,
UNIVERSAL CREDIT,001,MULTIPLE ELEMENT,UM,001UM,01,04,40 minutes,"if 01 - Judge alone
if 04 - Judge & Doctor","For UC appeals only, the session type is driven from what information is recorded in the Elements and issues tab not the case code displayed in the Summary tab of the case record. If WC or SG is displayed within this tab the session category is 04, everything else is 01."
UNIVERSAL CREDIT,001,SINGLE ELEMENT,US,001US,01,04,40 minutes,"if 01 - Judge alone
if 04 - Judge & Doctor","For UC appeals only, the session type is driven from what information is recorded in the Elements and issues tab not the case code displayed in the Summary tab of the case record. If WC or SG is displayed within this tab the session category is 04, everything else is 01."
PERSONAL INDEPENDENT PAYMENT (NEW CLAIM),002,INVALID,AA,002AA,03,,60 minutes,"Judge, Doctor & Disability Member (DQPM)",
PERSONAL INDEPENDENT PAYMENT (NEW CLAIM),002,ALTERNATIVE DISPUTE RESOLUTION,AR,002AR,03,,60 minutes,"Judge, Doctor & Disability Member (DQPM)",
PERSONAL INDEPENDENT PAYMENT (NEW CLAIM),002,CONDITIONS OF ENTITLEMENT - COMPLEX,CC,002CC,03,,60 minutes,"Judge, Doctor & Disability Member (DQPM)",
PERSONAL INDEPENDENT PAYMENT (NEW CLAIM),002,CARE (DLA),CD,002CD,03,,60 minutes,"Judge, Doctor & Disability Member (DQPM)",
PERSONAL INDEPENDENT PAYMENT (NEW CLAIM),002,CONDITIONS OF ENTITLEMENT,CE,002CE,03,,60 minutes,"Judge, Doctor & Disability Member (DQPM)",
PERSONAL INDEPENDENT PAYMENT (NEW CLAIM),002,CARE/MOBILITY (DLA),CF,002CF,03,,60 minutes,"Judge, Doctor & Disability Member (DQPM)",
PERSONAL INDEPENDENT PAYMENT (NEW CLAIM),002,CIVIL PENALTY,CP,002CP,03,,60 minutes,"Judge, Doctor & Disability Member (DQPM)",
PERSONAL INDEPENDENT PAYMENT (NEW CLAIM),002,APPEAL DIRECTLY LODGED,DD,002DD,03,,60 minutes,"Judge, Doctor & Disability Member (DQPM)",
PERSONAL INDEPENDENT PAYMENT (NEW CLAIM),002,ECHR,EC,002EC,03,,60 minutes,"Judge, Doctor & Disability Member (DQPM)",
PERSONAL INDEPENDENT PAYMENT (NEW CLAIM),002,EXPORTABILITY ISSUES,EI,002EI,03,,60 minutes,"Judge, Doctor & Disability Member (DQPM)",
PERSONAL INDEPENDENT PAYMENT (NEW CLAIM),002,EX LEGISLATION,EX,002EX,03,,60 minutes,"Judge, Doctor & Disability Member (DQPM)",
PERSONAL INDEPENDENT PAYMENT (NEW CLAIM),002,GOOD CAUSE,GC,002GC,03,1?,20 minutes,"Judge, Doctor & Disability Member (DQPM)","03 session, but judge must have 01 ticketing"
PERSONAL INDEPENDENT PAYMENT (NEW CLAIM),002,DAILY LIVING COMPONENT,LC,002LC,03,,60 minutes,"Judge, Doctor & Disability Member (DQPM)",
PERSONAL INDEPENDENT PAYMENT (NEW CLAIM),002,LATE (EXTENDING BACK),LE,002LE,03,,60 minutes,"Judge, Doctor & Disability Member (DQPM)",
PERSONAL INDEPENDENT PAYMENT (NEW CLAIM),002,MOBILITY (DLA),MD,002MD,03,,60 minutes,"Judge, Doctor & Disability Member (DQPM)",
PERSONAL INDEPENDENT PAYMENT (NEW CLAIM),002,DAILY LIVING/MOBILITY,ML,002ML,03,,60 minutes,"Judge, Doctor & Disability Member (DQPM)",
PERSONAL INDEPENDENT PAYMENT (NEW CLAIM),002,MOBILITY COMPONENT,MO,002MO,03,,60 minutes,"Judge, Doctor & Disability Member (DQPM)",
PERSONAL INDEPENDENT PAYMENT (NEW CLAIM),002,OVERPAYMENT - CAPITAL,OC,002OC,03,,60 minutes,"Judge, Doctor & Disability Member (DQPM)",
PERSONAL INDEPENDENT PAYMENT (NEW CLAIM),002,ONE PROJECT,ON,002ON,03,,60 minutes,"Judge, Doctor & Disability Member (DQPM)",
PERSONAL INDEPENDENT PAYMENT (NEW CLAIM),002,OVERPAYMENT - STRAIGHTFORWARD,OS,002OS,03,,60 minutes,"Judge, Doctor & Disability Member (DQPM)",
PERSONAL INDEPENDENT PAYMENT (NEW CLAIM),002,OVERPAYMENT - COMPLEX,OX,002OX,03,,60 minutes,"Judge, Doctor & Disability Member (DQPM)",
PERSONAL INDEPENDENT PAYMENT (NEW CLAIM),002,RATE OF ASSESSMENT/PAYABILITY ISSUES,RA,002RA,03,,60 minutes,"Judge, Doctor & Disability Member (DQPM)",
PERSONAL INDEPENDENT PAYMENT (NEW CLAIM),002,RATE OF ASSESSMENT/PAYABILITY ISSUES - COMPLEX,RC,002RC,03,,60 minutes,"Judge, Doctor & Disability Member (DQPM)",
PERSONAL INDEPENDENT PAYMENT (NEW CLAIM),002,VERBALLY WITHDRAWN,VW,002VW,03,,60 minutes,"Judge, Doctor & Disability Member (DQPM)",
PERSONAL INDEPENDENT PAYMENT (REASSESSMENT CASE),003,INVALID,AA,003AA,03,,60 minutes,"Judge, Doctor & Disability Member (DQPM)",
PERSONAL INDEPENDENT PAYMENT (REASSESSMENT CASE),003,ALTERNATIVE DISPUTE RESOLUTION,AR,003AR,03,,60 minutes,"Judge, Doctor & Disability Member (DQPM)",
PERSONAL INDEPENDENT PAYMENT (REASSESSMENT CASE),003,CONDITIONS OF ENTITLEMENT - COMPLEX,CC,003CC,03,,60 minutes,"Judge, Doctor & Disability Member (DQPM)",
PERSONAL INDEPENDENT PAYMENT (REASSESSMENT CASE),003,CARE (DLA),CD,003CD,03,,60 minutes,"Judge, Doctor & Disability Member (DQPM)",
PERSONAL INDEPENDENT PAYMENT (REASSESSMENT CASE),003,CONDITIONS OF ENTITLEMENT,CE,003CE,03,,60 minutes,"Judge, Doctor & Disability Member (DQPM)",
PERSONAL INDEPENDENT PAYMENT (REASSESSMENT CASE),003,CARE/MOBILITY (DLA),CF,003CF,03,,60 minutes,"Judge, Doctor & Disability Member (DQPM)",
PERSONAL INDEPENDENT PAYMENT (REASSESSMENT CASE),003,CIVIL PENALTY,CP,003CP,03,,60 minutes,"Judge, Doctor & Disability Member (DQPM)",
PERSONAL INDEPENDENT PAYMENT (REASSESSMENT CASE),003,APPEAL DIRECTLY LODGED,DD,003DD,03,,60 minutes,"Judge, Doctor & Disability Member (DQPM)",
PERSONAL INDEPENDENT PAYMENT (REASSESSMENT CASE),003,ECHR,EC,003EC,03,,60 minutes,"Judge, Doctor & Disability Member (DQPM)",
PERSONAL INDEPENDENT PAYMENT (REASSESSMENT CASE),003,EXPORTABILITY ISSUES,EI,003EI,03,,60 minutes,"Judge, Doctor & Disability Member (DQPM)",
PERSONAL INDEPENDENT PAYMENT (REASSESSMENT CASE),003,EX LEGISLATION,EX,003EX,03,,60 minutes,"Judge, Doctor & Disability Member (DQPM)",
PERSONAL INDEPENDENT PAYMENT (REASSESSMENT CASE),003,GOOD CAUSE,GC,003GC,03,1?,20 minutes,"Judge, Doctor & Disability Member (DQPM)","03 session, but judge must have 01 ticketing"
PERSONAL INDEPENDENT PAYMENT (REASSESSMENT CASE),003,DAILY LIVING COMPONENT,LC,003LC,03,,60 minutes,"Judge, Doctor & Disability Member (DQPM)",
PERSONAL INDEPENDENT PAYMENT (REASSESSMENT CASE),003,LATE (EXTENDING BACK),LE,003LE,03,,60 minutes,"Judge, Doctor & Disability Member (DQPM)",
PERSONAL INDEPENDENT PAYMENT (REASSESSMENT CASE),003,MOBILITY (DLA),MD,003MD,03,,60 minutes,"Judge, Doctor & Disability Member (DQPM)",
PERSONAL INDEPENDENT PAYMENT (REASSESSMENT CASE),003,DAILY LIVING/MOBILITY,ML,003ML,03,,60 minutes,"Judge, Doctor & Disability Member (DQPM)",
PERSONAL INDEPENDENT PAYMENT (REASSESSMENT CASE),003,MOBILITY COMPONENT,MO,003MO,03,,60 minutes,"Judge, Doctor & Disability Member (DQPM)",
PERSONAL INDEPENDENT PAYMENT (REASSESSMENT CASE),003,OVERPAYMENT - CAPITAL,OC,003OC,03,,60 minutes,"Judge, Doctor & Disability Member (DQPM)",
PERSONAL INDEPENDENT PAYMENT (REASSESSMENT CASE),003,ONE PROJECT,ON,003ON,03,,60 minutes,"Judge, Doctor & Disability Member (DQPM)",
PERSONAL INDEPENDENT PAYMENT (REASSESSMENT CASE),003,OVERPAYMENT - STRAIGHTFORWARD,OS,003OS,03,,60 minutes,"Judge, Doctor & Disability Member (DQPM)",
PERSONAL INDEPENDENT PAYMENT (REASSESSMENT CASE),003,OVERPAYMENT - COMPLEX,OX,003OX,03,,60 minutes,"Judge, Doctor & Disability Member (DQPM)",
PERSONAL INDEPENDENT PAYMENT (REASSESSMENT CASE),003,RATE OF ASSESSMENT/PAYABILITY ISSUES,RA,003RA,03,,60 minutes,"Judge, Doctor & Disability Member (DQPM)",
PERSONAL INDEPENDENT PAYMENT (REASSESSMENT CASE),003,RATE OF ASSESSMENT/PAYABILITY ISSUES - COMPLEX,RC,003RC,03,,60 minutes,"Judge, Doctor & Disability Member (DQPM)",
PERSONAL INDEPENDENT PAYMENT (REASSESSMENT CASE),003,VERBALLY WITHDRAWN,VW,003VW,03,,60 minutes,"Judge, Doctor & Disability Member (DQPM)",
ATTENDANCE ALLOWANCE,013,INVALID,AA,13AA,03,,60 minutes,"Judge, Doctor & Disability Member (DQPM)",
ATTENDANCE ALLOWANCE,013,ALTERNATIVE DISPUTE RESOLUTION,AR,13AR,03,,60 minutes,"Judge, Doctor & Disability Member (DQPM)",
ATTENDANCE ALLOWANCE,013,CONDITIONS OF ENTITLEMENT - COMPLEX,CC,13CC,03,,60 minutes,"Judge, Doctor & Disability Member (DQPM)",
ATTENDANCE ALLOWANCE,013,CARE (DLA),CD,13CD,03,,60 minutes,"Judge, Doctor & Disability Member (DQPM)",
ATTENDANCE ALLOWANCE,013,CONDITIONS OF ENTITLEMENT,CE,13CE,03,,60 minutes,"Judge, Doctor & Disability Member (DQPM)",
ATTENDANCE ALLOWANCE,013,CARE/MOBILITY (DLA),CF,13CF,03,,60 minutes,"Judge, Doctor & Disability Member (DQPM)",
ATTENDANCE ALLOWANCE,013,CIVIL PENALTIES,CP,13CP,03,1?,60 minutes,"Judge, Doctor & Disability Member (DQPM)","03 session, but judge must have 01 ticketing"
ATTENDANCE ALLOWANCE,013,APPEAL DIRECTLY LODGED,DD,13DD,03,1?,60 minutes,"Judge, Doctor & Disability Member (DQPM)","03 session, but judge must have 01 ticketing"
ATTENDANCE ALLOWANCE,013,DISABLEMENT QUESTION,DQ,13DQ,03,,60 minutes,"Judge, Doctor & Disability Member (DQPM)",
ATTENDANCE ALLOWANCE,013,ECHR,EC,13EC,03,,60 minutes,"Judge, Doctor & Disability Member (DQPM)",
ATTENDANCE ALLOWANCE,013,EXPORTABILITY ISSUES,EI,13EI,03,,60 minutes,"Judge, Doctor & Disability Member (DQPM)",
ATTENDANCE ALLOWANCE,013,EX LEGISLATION,EX,13EX,03,,60 minutes,"Judge, Doctor & Disability Member (DQPM)",
ATTENDANCE ALLOWANCE,013,GOOD CAUSE,GC,13GC,03,1?,60 minutes,"Judge, Doctor & Disability Member (DQPM)","03 session, but judge must have 01 ticketing"
ATTENDANCE ALLOWANCE,013,LATE (EXTENDING BACK),LE,13LE,03,,60 minutes,"Judge, Doctor & Disability Member (DQPM)",
ATTENDANCE ALLOWANCE,013,MOBILITY (DLA),MD,13MD,03,,60 minutes,"Judge, Doctor & Disability Member (DQPM)",
ATTENDANCE ALLOWANCE,013,OVERPAYMENT - CAPITAL,OC,13OC,03,,60 minutes,"Judge, Doctor & Disability Member (DQPM)",
ATTENDANCE ALLOWANCE,013,ONE PROJECT,ON,13ON,03,,60 minutes,"Judge, Doctor & Disability Member (DQPM)",
ATTENDANCE ALLOWANCE,013,OVERPAYMENT - STRAIGHTFORWARD,OS,13OS,03,,60 minutes,"Judge, Doctor & Disability Member (DQPM)",
ATTENDANCE ALLOWANCE,013,OVERPAYMENT - COMPLEX,OX,13OX,03,,60 minutes,"Judge, Doctor & Disability Member (DQPM)",
ATTENDANCE ALLOWANCE,013,RATE OF ASSESSMENT/PAYABILITY ISSUES,RA,13RA,03,,60 minutes,"Judge, Doctor & Disability Member (DQPM)",
ATTENDANCE ALLOWANCE,013,RATE OF ASSESSMENT/PAYABILITY ISSUES - COMPLEX,RC,13RC,03,,60 minutes,"Judge, Doctor & Disability Member (DQPM)",
DIFFUSE MESOTHELIOMA,014,APPEAL DIRECTLY LODGED,DD,014DD,05,06,,Judge & Specialist Doctor ,"Cat 5 means 1 specialst, Cat 6 means 2"
DIFFUSE MESOTHELIOMA,014,NEW SCHEME (MESO),MN,014MN,05,06,,Judge & Specialist Doctor ,"Cat 5 means 1 specialst, Cat 6 means 2"
CHILD BENEFIT/CHILD BENEFIT(LONE PARENT),016,INVALID,AA,16AA,01,,,Judge alone,
CHILD BENEFIT/CHILD BENEFIT(LONE PARENT),016,CONDITIONS OF ENTITLEMENT - COMPLEX,CC,16CC,01,,,Judge alone,
CHILD BENEFIT/CHILD BENEFIT(LONE PARENT),016,CONDITIONS OF ENTITLEMENT,CE,16CE,01,,,Judge alone,
CHILD BENEFIT/CHILD BENEFIT(LONE PARENT),016,CIVIL PENALTIES,CP,16CP,01,,,Judge alone,
CHILD BENEFIT/CHILD BENEFIT(LONE PARENT),016,APPEAL DIRECTLY LODGED,DD,16DD,01,,,Judge alone,
CHILD BENEFIT/CHILD BENEFIT(LONE PARENT),016,ECHR,EC,16EC,01,,,Judge alone,
CHILD BENEFIT/CHILD BENEFIT(LONE PARENT),016,EX LEGISLATION,EX,16EX,01,,,Judge alone,
CHILD BENEFIT/CHILD BENEFIT(LONE PARENT),016,GOOD CAUSE,GC,16GC,01,,,Judge alone,
CHILD BENEFIT/CHILD BENEFIT(LONE PARENT),016,LATE (EXTENDING BACK),LE,16LE,01,,,Judge alone,
CHILD BENEFIT/CHILD BENEFIT(LONE PARENT),016,OVERPAYMENT - CAPITAL,OC,16OC,01,,,Judge alone,
CHILD BENEFIT/CHILD BENEFIT(LONE PARENT),016,ONE PROJECT,ON,16ON,01,,,Judge alone,
CHILD BENEFIT/CHILD BENEFIT(LONE PARENT),016,OVERPAYMENT - STRAIGHTFORWARD,OS,16OS,01,,,Judge alone,
CHILD BENEFIT/CHILD BENEFIT(LONE PARENT),016,OVERPAYMENT - COMPLEX,OX,16OX,01,,,Judge alone,
CHILD BENEFIT/CHILD BENEFIT(LONE PARENT),016,PERSONS FROM ABROAD,PF,16PF,01,,,Judge alone,
CHILD BENEFIT/CHILD BENEFIT(LONE PARENT),016,RATE OF ASSESSMENT/PAYABILITY ISSUES,RA,16RA,01,,,Judge alone,
CHILD BENEFIT/CHILD BENEFIT(LONE PARENT),016,RATE OF ASSESSMENT/PAYABILITY ISSUES - COMPLEX,RC,16RC,01,,,Judge alone,
CHILD BENEFIT/CHILD BENEFIT(LONE PARENT),016,RECIPROCAL AGREEMENT,RG,16RG,01,,,Judge alone,
CHILD BENEFIT/CHILD BENEFIT(LONE PARENT),016,SUSPENSIONS,SU,16SU,01,,,Judge alone,
CHILD SUPPORT ASSESSMENTS,022,INVALID,AA,22AA,01,02,if 01 - 20 minutes,"if 01 - Judge alone
if 02 - Judge plus FQPM",
CHILD SUPPORT ASSESSMENTS,022,CHILD SUPPORT REFORM CONVERSION APPEALS,CA,22CA,01,02,if 01 - 20 minutes,"if 01 - Judge alone
if 02 - Judge plus FQPM",
CHILD SUPPORT ASSESSMENTS,022,CONDITIONS OF ENTITLEMENT - COMPLEX,CC,22CC,01,02,if 01 - 20 minutes,"if 01 - Judge alone
if 02 - Judge plus FQPM",
CHILD SUPPORT ASSESSMENTS,022,CONDITIONS OF ENTITLEMENT,CE,22CE,01,02,if 01 - 20 minutes,"if 01 - Judge alone
if 02 - Judge plus FQPM",
CHILD SUPPORT ASSESSMENTS,022,CIVIL PENALTIES,CP,22CP,01,02,if 01 - 20 minutes,"if 01 - Judge alone
if 02 - Judge plus FQPM",
CHILD SUPPORT ASSESSMENTS,022,APPEAL DIRECTLY LODGED,DD,22DD,01,02,if 01 - 20 minutes,"if 01 - Judge alone
if 02 - Judge plus FQPM",
CHILD SUPPORT ASSESSMENTS,022,ECHR,EC,22EC,01,02,if 01 - 20 minutes,"if 01 - Judge alone
if 02 - Judge plus FQPM",
CHILD SUPPORT ASSESSMENTS,022,EX LEGISLATION,EX,22EX,01,02,if 01 - 20 minutes,"if 01 - Judge alone
if 02 - Judge plus FQPM",
CHILD SUPPORT ASSESSMENTS,022,GOOD CAUSE,GC,22GC,01,02,if 01 - 20 minutes,"if 01 - Judge alone
if 02 - Judge plus FQPM",
CHILD SUPPORT ASSESSMENTS,022,LATE (EXTENDING BACK),LE,22LE,01,02,if 01 - 20 minutes,"if 01 - Judge alone
if 02 - Judge plus FQPM",
CHILD SUPPORT ASSESSMENTS,022,OVERPAYMENT - CAPITAL,OC,22OC,01,02,if 01 - 20 minutes,"if 01 - Judge alone
if 02 - Judge plus FQPM",
CHILD SUPPORT ASSESSMENTS,022,ONE PROJECT,ON,22ON,01,02,if 01 - 20 minutes,"if 01 - Judge alone
if 02 - Judge plus FQPM",
CHILD SUPPORT ASSESSMENTS,022,OVERPAYMENT - STRAIGHTFORWARD,OS,22OS,01,02,if 01 - 20 minutes,"if 01 - Judge alone
if 02 - Judge plus FQPM",
CHILD SUPPORT ASSESSMENTS,022,OVERPAYMENT - COMPLEX,OX,22OX,01,02,if 01 - 20 minutes,"if 01 - Judge alone
if 02 - Judge plus FQPM",
CHILD SUPPORT ASSESSMENTS,022,PROPERTY/CAPITAL SETTLEMENT,PC,22PC,01,02,if 01 - 20 minutes,"if 01 - Judge alone
if 02 - Judge plus FQPM",
CHILD SUPPORT ASSESSMENTS,022,RATE OF ASSESSMENT/PAYABILITY ISSUES,RA,22RA,01,02,if 01 - 20 minutes,"if 01 - Judge alone
if 02 - Judge plus FQPM",
CHILD SUPPORT ASSESSMENTS,022,REDUCED BENEFIT DIRECTION,RB,22RB,01,02,if 01 - 20 minutes,"if 01 - Judge alone
if 02 - Judge plus FQPM",
CHILD SUPPORT ASSESSMENTS,022,RATE OF ASSESSMENT/PAYABILITY ISSUES - COMPLEX,RC,22RC,01,02,if 01 - 20 minutes,"if 01 - Judge alone
if 02 - Judge plus FQPM",
CHILD SUPPORT ASSESSMENTS,022,SELF EMPLOYED - STRAIGHTFORWARD,SS,22SS,01,02,if 01 - 20 minutes,"if 01 - Judge alone
if 02 - Judge plus FQPM",
CHILD SUPPORT ASSESSMENTS,022,SELF EMPLOYED - COMPLEX,SX,22SX,01,02,if 01 - 20 minutes,"if 01 - Judge alone
if 02 - Judge plus FQPM",
CHILD SUPPORT REFORMS,023,INVALID,AA,23AA,01,02,if 01 - 20 minutes,"if 01 - Judge alone
if 02 - Judge plus FQPM",
CHILD SUPPORT REFORMS,023,CHILD SUPPORT REFORM CONVERSION APPEALS,CA,23CA,01,02,if 01 - 20 minutes,"if 01 - Judge alone
if 02 - Judge plus FQPM",
CHILD SUPPORT REFORMS,023,CONDITIONS OF ENTITLEMENT - COMPLEX,CC,23CC,01,02,if 01 - 20 minutes,"if 01 - Judge alone
if 02 - Judge plus FQPM",
CHILD SUPPORT REFORMS,023,CONDITIONS OF ENTITLEMENT,CE,23CE,01,02,if 01 - 20 minutes,"if 01 - Judge alone
if 02 - Judge plus FQPM",
CHILD SUPPORT REFORMS,023,CIVIL PENALTIES,CP,23CP,01,02,if 01 - 20 minutes,"if 01 - Judge alone
if 02 - Judge plus FQPM",
CHILD SUPPORT REFORMS,023,APPEAL DIRECTLY LODGED,DD,23DD,01,02,if 01 - 20 minutes,"if 01 - Judge alone
if 02 - Judge plus FQPM",
CHILD SUPPORT REFORMS,023,ECHR,EC,23EC,01,02,if 01 - 20 minutes,"if 01 - Judge alone
if 02 - Judge plus FQPM",
CHILD SUPPORT REFORMS,023,EX LEGISLATION,EX,23EX,01,02,if 01 - 20 minutes,"if 01 - Judge alone
if 02 - Judge plus FQPM",
CHILD SUPPORT REFORMS,023,GOOD CAUSE,GC,23GC,01,02,if 01 - 20 minutes,"if 01 - Judge alone
if 02 - Judge plus FQPM",
CHILD SUPPORT REFORMS,023,LATE (EXTENDING BACK),LE,23LE,01,02,if 01 - 20 minutes,"if 01 - Judge alone
if 02 - Judge plus FQPM",
CHILD SUPPORT REFORMS,023,OVERPAYMENT - CAPITAL,OC,23OC,01,02,if 01 - 20 minutes,"if 01 - Judge alone
if 02 - Judge plus FQPM",
CHILD SUPPORT REFORMS,023,ONE PROJECT,ON,23ON,01,02,if 01 - 20 minutes,"if 01 - Judge alone
if 02 - Judge plus FQPM",
CHILD SUPPORT REFORMS,023,OVERPAYMENT - STRAIGHTFORWARD,OS,23OS,01,02,if 01 - 20 minutes,"if 01 - Judge alone
if 02 - Judge plus FQPM",
CHILD SUPPORT REFORMS,023,OVERPAYMENT - COMPLEX,OX,23OX,01,02,if 01 - 20 minutes,"if 01 - Judge alone
if 02 - Judge plus FQPM",
CHILD SUPPORT REFORMS,023,PROPERTY/CAPITAL SETTLEMENT,PC,23PC,01,02,if 01 - 20 minutes,"if 01 - Judge alone
if 02 - Judge plus FQPM",
CHILD SUPPORT REFORMS,023,RATE OF ASSESSMENT/PAYABILITY ISSUES,RA,23RA,01,02,if 01 - 20 minutes,"if 01 - Judge alone
if 02 - Judge plus FQPM",
CHILD SUPPORT REFORMS,023,REDUCED BENEFIT DIRECTION,RB,23RB,01,02,if 01 - 20 minutes,"if 01 - Judge alone
if 02 - Judge plus FQPM",
CHILD SUPPORT REFORMS,023,RATE OF ASSESSMENT/PAYABILITY ISSUES - COMPLEX,RC,23RC,01,02,if 01 - 20 minutes,"if 01 - Judge alone
if 02 - Judge plus FQPM",
CHILD SUPPORT REFORMS,023,SELF EMPLOYED - STRAIGHTFORWARD,SS,23SS,01,02,if 01 - 20 minutes,"if 01 - Judge alone
if 02 - Judge plus FQPM",
CHILD SUPPORT REFORMS,023,SELF EMPLOYED - COMPLEX,SX,23SX,01,02,if 01 - 20 minutes,"if 01 - Judge alone
if 02 - Judge plus FQPM",
CHILD SUPPORT REFORM  VARIATION REFERRALS,024,INVALID,AA,24AA,01,02,if 01 - 20 minutes,"if 01 - Judge alone
if 02 - Judge plus FQPM",
CHILD SUPPORT REFORM  VARIATION REFERRALS,024,CHILD SUPPORT REFORM CONVERSION APPEALS,CA,24CA,01,02,if 01 - 20 minutes,"if 01 - Judge alone
if 02 - Judge plus FQPM",
CHILD SUPPORT REFORM  VARIATION REFERRALS,024,CONDITIONS OF ENTITLEMENT - COMPLEX,CC,24CC,01,02,if 01 - 20 minutes,"if 01 - Judge alone
if 02 - Judge plus FQPM",
CHILD SUPPORT REFORM  VARIATION REFERRALS,024,CONDITIONS OF ENTITLEMENT,CE,24CE,01,02,if 01 - 20 minutes,"if 01 - Judge alone
if 02 - Judge plus FQPM",
CHILD SUPPORT REFORM  VARIATION REFERRALS,024,CIVIL PENALTIES,CP,24CP,01,02,if 01 - 20 minutes,"if 01 - Judge alone
if 02 - Judge plus FQPM",
CHILD SUPPORT REFORM  VARIATION REFERRALS,024,APPEAL DIRECTLY LODGED,DD,24DD,01,02,if 01 - 20 minutes,"if 01 - Judge alone
if 02 - Judge plus FQPM",
CHILD SUPPORT REFORM  VARIATION REFERRALS,024,ECHR,EC,24EC,01,02,if 01 - 20 minutes,"if 01 - Judge alone
if 02 - Judge plus FQPM",
CHILD SUPPORT REFORM  VARIATION REFERRALS,024,EX LEGISLATION,EX,24EX,01,02,if 01 - 20 minutes,"if 01 - Judge alone
if 02 - Judge plus FQPM",
CHILD SUPPORT REFORM  VARIATION REFERRALS,024,GOOD CAUSE,GC,24GC,01,02,if 01 - 20 minutes,"if 01 - Judge alone
if 02 - Judge plus FQPM",
CHILD SUPPORT REFORM  VARIATION REFERRALS,024,LATE (EXTENDING BACK),LE,24LE,01,02,if 01 - 20 minutes,"if 01 - Judge alone
if 02 - Judge plus FQPM",
CHILD SUPPORT REFORM  VARIATION REFERRALS,024,OVERPAYMENT - CAPITAL,OC,24OC,01,02,if 01 - 20 minutes,"if 01 - Judge alone
if 02 - Judge plus FQPM",
CHILD SUPPORT REFORM  VARIATION REFERRALS,024,ONE PROJECT,ON,24ON,01,02,if 01 - 20 minutes,"if 01 - Judge alone
if 02 - Judge plus FQPM",
CHILD SUPPORT REFORM  VARIATION REFERRALS,024,OVERPAYMENT - STRAIGHTFORWARD,OS,24OS,01,02,if 01 - 20 minutes,"if 01 - Judge alone
if 02 - Judge plus FQPM",
CHILD SUPPORT REFORM  VARIATION REFERRALS,024,OVERPAYMENT - COMPLEX,OX,24OX,01,02,if 01 - 20 minutes,"if 01 - Judge alone
if 02 - Judge plus FQPM",
CHILD SUPPORT REFORM  VARIATION REFERRALS,024,PROPERTY/CAPITAL SETTLEMENT,PC,24PC,01,02,if 01 - 20 minutes,"if 01 - Judge alone
if 02 - Judge plus FQPM",
CHILD SUPPORT REFORM  VARIATION REFERRALS,024,RATE OF ASSESSMENT/PAYABILITY ISSUES,RA,24RA,01,02,if 01 - 20 minutes,"if 01 - Judge alone
if 02 - Judge plus FQPM",
CHILD SUPPORT REFORM  VARIATION REFERRALS,024,REDUCED BENEFIT DIRECTION,RB,24RB,01,02,if 01 - 20 minutes,"if 01 - Judge alone
if 02 - Judge plus FQPM",
CHILD SUPPORT REFORM  VARIATION REFERRALS,024,RATE OF ASSESSMENT/PAYABILITY ISSUES - COMPLEX,RC,24RC,01,02,if 01 - 20 minutes,"if 01 - Judge alone
if 02 - Judge plus FQPM",
CHILD SUPPORT REFORM  VARIATION REFERRALS,024,SELF EMPLOYED - STRAIGHTFORWARD,SS,24SS,01,02,if 01 - 20 minutes,"if 01 - Judge alone
if 02 - Judge plus FQPM",
CHILD SUPPORT REFORM  VARIATION REFERRALS,024,SELF EMPLOYED - COMPLEX,SX,24SX,01,02,if 01 - 20 minutes,"if 01 - Judge alone
if 02 - Judge plus FQPM",
CHILD SUPPORT DEPARTURES,025,INVALID,AA,25AA,01,02,if 01 - 20 minutes,"if 01 - Judge alone
if 02 - Judge plus FQPM",
CHILD SUPPORT DEPARTURES,025,CHILD SUPPORT REFORM CONVERSION APPEALS,CA,25CA,01,02,if 01 - 20 minutes,"if 01 - Judge alone
if 02 - Judge plus FQPM",
CHILD SUPPORT DEPARTURES,025,CONDITIONS OF ENTITLEMENT - COMPLEX,CC,25CC,01,02,if 01 - 20 minutes,"if 01 - Judge alone
if 02 - Judge plus FQPM",
CHILD SUPPORT DEPARTURES,025,CONDITIONS OF ENTITLEMENT,CE,25CE,01,02,if 01 - 20 minutes,"if 01 - Judge alone
if 02 - Judge plus FQPM",
CHILD SUPPORT DEPARTURES,025,CIVIL PENALTIES,CP,25CP,01,02,if 01 - 20 minutes,"if 01 - Judge alone
if 02 - Judge plus FQPM",
CHILD SUPPORT DEPARTURES,025,APPEAL DIRECTLY LODGED,DD,25DD,01,02,if 01 - 20 minutes,"if 01 - Judge alone
if 02 - Judge plus FQPM",
CHILD SUPPORT DEPARTURES,025,ECHR,EC,25EC,01,02,if 01 - 20 minutes,"if 01 - Judge alone
if 02 - Judge plus FQPM",
CHILD SUPPORT DEPARTURES,025,EX LEGISLATION,EX,25EX,01,02,if 01 - 20 minutes,"if 01 - Judge alone
if 02 - Judge plus FQPM",
CHILD SUPPORT DEPARTURES,025,GOOD CAUSE,GC,25GC,01,02,if 01 - 20 minutes,"if 01 - Judge alone
if 02 - Judge plus FQPM",
CHILD SUPPORT DEPARTURES,025,LATE (EXTENDING BACK),LE,25LE,01,02,if 01 - 20 minutes,"if 01 - Judge alone
if 02 - Judge plus FQPM",
CHILD SUPPORT DEPARTURES,025,OVERPAYMENT - CAPITAL,OC,25OC,01,02,if 01 - 20 minutes,"if 01 - Judge alone
if 02 - Judge plus FQPM",
CHILD SUPPORT DEPARTURES,025,ONE PROJECT,ON,25ON,01,02,if 01 - 20 minutes,"if 01 - Judge alone
if 02 - Judge plus FQPM",
CHILD SUPPORT DEPARTURES,025,OVERPAYMENT - STRAIGHTFORWARD,OS,25OS,01,02,if 01 - 20 minutes,"if 01 - Judge alone
if 02 - Judge plus FQPM",
CHILD SUPPORT DEPARTURES,025,OVERPAYMENT - COMPLEX,OX,25OX,01,02,if 01 - 20 minutes,"if 01 - Judge alone
if 02 - Judge plus FQPM",
CHILD SUPPORT DEPARTURES,025,PROPERTY/CAPITAL SETTLEMENT,PC,25PC,01,02,if 01 - 20 minutes,"if 01 - Judge alone
if 02 - Judge plus FQPM",
CHILD SUPPORT DEPARTURES,025,RATE OF ASSESSMENT/PAYABILITY ISSUES,RA,25RA,01,02,if 01 - 20 minutes,"if 01 - Judge alone
if 02 - Judge plus FQPM",
CHILD SUPPORT DEPARTURES,025,REDUCED BENEFIT DIRECTION,RB,25RB,01,02,if 01 - 20 minutes,"if 01 - Judge alone
if 02 - Judge plus FQPM",
CHILD SUPPORT DEPARTURES,025,RATE OF ASSESSMENT/PAYABILITY ISSUES - COMPLEX,RC,25RC,01,02,if 01 - 20 minutes,"if 01 - Judge alone
if 02 - Judge plus FQPM",
CHILD SUPPORT DEPARTURES,025,SELF EMPLOYED - STRAIGHTFORWARD,SS,25SS,01,02,if 01 - 20 minutes,"if 01 - Judge alone
if 02 - Judge plus FQPM",
CHILD SUPPORT DEPARTURES,025,SELF EMPLOYED - COMPLEX,SX,25SX,01,02,if 01 - 20 minutes,"if 01 - Judge alone
if 02 - Judge plus FQPM",
CHILD SUPPORT VARIATION REFERRAL,026,INVALID,AA,26AA,01,02,if 01 - 20 minutes,"if 01 - Judge alone
if 02 - Judge plus FQPM",
CHILD SUPPORT VARIATION REFERRAL,026,CONDITIONS OF ENTITLEMENT - COMPLEX,CC,26CC,01,02,if 01 - 20 minutes,"if 01 - Judge alone
if 02 - Judge plus FQPM",
CHILD SUPPORT VARIATION REFERRAL,026,CONDITIONS OF ENTITLEMENT,CE,26CE,01,02,if 01 - 20 minutes,"if 01 - Judge alone
if 02 - Judge plus FQPM",
CHILD SUPPORT VARIATION REFERRAL,026,CIVIL PENALTIES,CP,26CP,01,02,if 01 - 20 minutes,"if 01 - Judge alone
if 02 - Judge plus FQPM",
CHILD SUPPORT VARIATION REFERRAL,026,APPEAL DIRECTLY LODGED,DD,26DD,01,02,if 01 - 20 minutes,"if 01 - Judge alone
if 02 - Judge plus FQPM",
CHILD SUPPORT VARIATION REFERRAL,026,ECHR,EC,26EC,01,02,if 01 - 20 minutes,"if 01 - Judge alone
if 02 - Judge plus FQPM",
CHILD SUPPORT VARIATION REFERRAL,026,EX LEGISLATION,EX,26EX,01,02,if 01 - 20 minutes,"if 01 - Judge alone
if 02 - Judge plus FQPM",
CHILD SUPPORT VARIATION REFERRAL,026,GOOD CAUSE,GC,26GC,01,02,if 01 - 20 minutes,"if 01 - Judge alone
if 02 - Judge plus FQPM",
CHILD SUPPORT VARIATION REFERRAL,026,LATE (EXTENDING BACK),LE,26LE,01,02,if 01 - 20 minutes,"if 01 - Judge alone
if 02 - Judge plus FQPM",
CHILD SUPPORT VARIATION REFERRAL,026,OVERPAYMENT - CAPITAL,OC,26OC,01,02,if 01 - 20 minutes,"if 01 - Judge alone
if 02 - Judge plus FQPM",
CHILD SUPPORT VARIATION REFERRAL,026,ONE PROJECT,ON,26ON,01,02,if 01 - 20 minutes,"if 01 - Judge alone
if 02 - Judge plus FQPM",
CHILD SUPPORT VARIATION REFERRAL,026,OVERPAYMENT - STRAIGHTFORWARD,OS,26OS,01,02,if 01 - 20 minutes,"if 01 - Judge alone
if 02 - Judge plus FQPM",
CHILD SUPPORT VARIATION REFERRAL,026,OVERPAYMENT - COMPLEX,OX,26OX,01,02,if 01 - 20 minutes,"if 01 - Judge alone
if 02 - Judge plus FQPM",
CHILD SUPPORT VARIATION REFERRAL,026,PROPERTY/CAPITAL SETTLEMENT,PC,26PC,01,02,if 01 - 20 minutes,"if 01 - Judge alone
if 02 - Judge plus FQPM",
CHILD SUPPORT VARIATION REFERRAL,026,RATE OF ASSESSMENT/PAYABILITY ISSUES,RA,26RA,01,02,if 01 - 20 minutes,"if 01 - Judge alone
if 02 - Judge plus FQPM",
CHILD SUPPORT VARIATION REFERRAL,026,REDUCED BENEFIT DIRECTION,RB,26RB,01,02,if 01 - 20 minutes,"if 01 - Judge alone
if 02 - Judge plus FQPM",
CHILD SUPPORT VARIATION REFERRAL,026,RATE OF ASSESSMENT/PAYABILITY ISSUES - COMPLEX,RC,26RC,01,02,if 01 - 20 minutes,"if 01 - Judge alone
if 02 - Judge plus FQPM",
CHILD SUPPORT VARIATION REFERRAL,026,SELF EMPLOYED - STRAIGHTFORWARD,SS,26SS,01,02,if 01 - 20 minutes,"if 01 - Judge alone
if 02 - Judge plus FQPM",
CHILD SUPPORT VARIATION REFERRAL,026,SELF EMPLOYED - COMPLEX,SX,26SX,01,02,if 01 - 20 minutes,"if 01 - Judge alone
if 02 - Judge plus FQPM",
CHILD SUPPORT DEPARTURES REFERRAL,028,INVALID,AA,28AA,01,02,if 01 - 20 minutes,"if 01 - Judge alone
if 02 - Judge plus FQPM",
CHILD SUPPORT DEPARTURES REFERRAL,028,CONDITIONS OF ENTITLEMENT - COMPLEX,CC,28CC,01,02,if 01 - 20 minutes,"if 01 - Judge alone
if 02 - Judge plus FQPM",
CHILD SUPPORT DEPARTURES REFERRAL,028,CONDITIONS OF ENTITLEMENT,CE,28CE,01,02,if 01 - 20 minutes,"if 01 - Judge alone
if 02 - Judge plus FQPM",
CHILD SUPPORT DEPARTURES REFERRAL,028,CIVIL PENALTIES,CP,28CP,01,02,if 01 - 20 minutes,"if 01 - Judge alone
if 02 - Judge plus FQPM",
CHILD SUPPORT DEPARTURES REFERRAL,028,APPEAL DIRECTLY LODGED,DD,28DD,01,02,if 01 - 20 minutes,"if 01 - Judge alone
if 02 - Judge plus FQPM",
CHILD SUPPORT DEPARTURES REFERRAL,028,ECHR,EC,28EC,01,02,if 01 - 20 minutes,"if 01 - Judge alone
if 02 - Judge plus FQPM",
CHILD SUPPORT DEPARTURES REFERRAL,028,EX LEGISLATION,EX,28EX,01,02,if 01 - 20 minutes,"if 01 - Judge alone
if 02 - Judge plus FQPM",
CHILD SUPPORT DEPARTURES REFERRAL,028,GOOD CAUSE,GC,28GC,01,02,if 01 - 20 minutes,"if 01 - Judge alone
if 02 - Judge plus FQPM",
CHILD SUPPORT DEPARTURES REFERRAL,028,LATE (EXTENDING BACK),LE,28LE,01,02,if 01 - 20 minutes,"if 01 - Judge alone
if 02 - Judge plus FQPM",
CHILD SUPPORT DEPARTURES REFERRAL,028,OVERPAYMENT - CAPITAL,OC,28OC,01,02,if 01 - 20 minutes,"if 01 - Judge alone
if 02 - Judge plus FQPM",
CHILD SUPPORT DEPARTURES REFERRAL,028,ONE PROJECT,ON,28ON,01,02,if 01 - 20 minutes,"if 01 - Judge alone
if 02 - Judge plus FQPM",
CHILD SUPPORT DEPARTURES REFERRAL,028,OVERPAYMENT - STRAIGHTFORWARD,OS,28OS,01,02,if 01 - 20 minutes,"if 01 - Judge alone
if 02 - Judge plus FQPM",
CHILD SUPPORT DEPARTURES REFERRAL,028,OVERPAYMENT - COMPLEX,OX,28OX,01,02,if 01 - 20 minutes,"if 01 - Judge alone
if 02 - Judge plus FQPM",
CHILD SUPPORT DEPARTURES REFERRAL,028,PROPERTY/CAPITAL SETTLEMENT,PC,28PC,01,02,if 01 - 20 minutes,"if 01 - Judge alone
if 02 - Judge plus FQPM",
CHILD SUPPORT DEPARTURES REFERRAL,028,RATE OF ASSESSMENT/PAYABILITY ISSUES,RA,28RA,01,02,if 01 - 20 minutes,"if 01 - Judge alone
if 02 - Judge plus FQPM",
CHILD SUPPORT DEPARTURES REFERRAL,028,REDUCED BENEFIT DIRECTION,RB,28RB,01,02,if 01 - 20 minutes,"if 01 - Judge alone
if 02 - Judge plus FQPM",
CHILD SUPPORT DEPARTURES REFERRAL,028,RATE OF ASSESSMENT/PAYABILITY ISSUES - COMPLEX,RC,28RC,01,02,if 01 - 20 minutes,"if 01 - Judge alone
if 02 - Judge plus FQPM",
CHILD SUPPORT DEPARTURES REFERRAL,028,SELF EMPLOYED - STRAIGHTFORWARD,SS,28SS,01,02,if 01 - 20 minutes,"if 01 - Judge alone
if 02 - Judge plus FQPM",
CHILD SUPPORT DEPARTURES REFERRAL,028,SELF EMPLOYED - COMPLEX,SX,28SX,01,02,if 01 - 20 minutes,"if 01 - Judge alone
if 02 - Judge plus FQPM",
CREDITS - APPROVED TRAINING,030,INVALID,AA,30AA,01,,,Judge alone,
CREDITS - APPROVED TRAINING,030,CONDITIONS OF ENTITLEMENT - COMPLEX,CC,30CC,01,,,Judge alone,
CREDITS - APPROVED TRAINING,030,CONDITIONS OF ENTITLEMENT,CE,30CE,01,,,Judge alone,
CREDITS - APPROVED TRAINING,030,COMMUNITY ORDER,CO,30CO,01,,,Judge alone,
CREDITS - APPROVED TRAINING,030,CIVIL PENALTIES,CP,30CP,01,,,Judge alone,
CREDITS - APPROVED TRAINING,030,CREDITS,CR,30CR,01,,,Judge alone,
CREDITS - APPROVED TRAINING,030,APPEAL DIRECTLY LODGED,DD,30DD,01,,,Judge alone,
CREDITS - APPROVED TRAINING,030,ECHR,EC,30EC,01,,,Judge alone,
CREDITS - APPROVED TRAINING,030,EX LEGISLATION,EX,30EX,01,,,Judge alone,
CREDITS - APPROVED TRAINING,030,GOOD CAUSE,GC,30GC,01,,,Judge alone,
CREDITS - APPROVED TRAINING,030,LATE (EXTENDING BACK),LE,30LE,01,,,Judge alone,
CREDITS - APPROVED TRAINING,030,OVERPAYMENT - CAPITAL,OC,30OC,01,,,Judge alone,
CREDITS - APPROVED TRAINING,030,ONE PROJECT,ON,30ON,01,,,Judge alone,
CREDITS - APPROVED TRAINING,030,OVERPAYMENT - STRAIGHTFORWARD,OS,30OS,01,,,Judge alone,
CREDITS - APPROVED TRAINING,030,OVERPAYMENT - COMPLEX,OX,30OX,01,,,Judge alone,
CREDITS - APPROVED TRAINING,030,RATE OF ASSESSMENT/PAYABILITY ISSUES,RA,30RA,01,,,Judge alone,
CREDITS - APPROVED TRAINING,030,RATE OF ASSESSMENT/PAYABILITY ISSUES - COMPLEX,RC,30RC,01,,,Judge alone,
COMPENSATION RECOVERY UNIT,031,INVALID,AA,31AA,05,06,,Judge & Specialist Doctor ,"Cat 5 means 1 specialst, Cat 6 means 2"
COMPENSATION RECOVERY UNIT,031,CONDITIONS OF ENTITLEMENT - COMPLEX,CC,31CC,05,06,,Judge & Specialist Doctor ,"Cat 5 means 1 specialst, Cat 6 means 2"
COMPENSATION RECOVERY UNIT,031,CONDITIONS OF ENTITLEMENT,CE,31CE,05,06,,Judge & Specialist Doctor ,"Cat 5 means 1 specialst, Cat 6 means 2"
COMPENSATION RECOVERY UNIT,031,CIVIL PENALTIES,CP,31CP,05,06,,Judge & Specialist Doctor ,"Cat 5 means 1 specialst, Cat 6 means 2"
COMPENSATION RECOVERY UNIT,031,APPEAL DIRECTLY LODGED,DD,31DD,05,06,,Judge & Specialist Doctor ,"Cat 5 means 1 specialst, Cat 6 means 2"
COMPENSATION RECOVERY UNIT,031,DISABLEMENT QUESTION,DQ,31DQ,05,06,,Judge & Specialist Doctor ,"Cat 5 means 1 specialst, Cat 6 means 2"
COMPENSATION RECOVERY UNIT,031,ECHR,EC,31EC,05,06,,Judge & Specialist Doctor ,"Cat 5 means 1 specialst, Cat 6 means 2"
COMPENSATION RECOVERY UNIT,031,EX LEGISLATION,EX,31EX,05,06,,Judge & Specialist Doctor ,"Cat 5 means 1 specialst, Cat 6 means 2"
COMPENSATION RECOVERY UNIT,031,GOOD CAUSE,GC,31GC,05,06,,Judge & Specialist Doctor ,"Cat 5 means 1 specialst, Cat 6 means 2"
COMPENSATION RECOVERY UNIT,031,LATE (EXTENDING BACK),LE,31LE,05,06,,Judge & Specialist Doctor ,"Cat 5 means 1 specialst, Cat 6 means 2"
COMPENSATION RECOVERY UNIT,031,NHS Waiver Decision,NW,31NW,05,06,,Judge & Specialist Doctor ,"Cat 5 means 1 specialst, Cat 6 means 2"
COMPENSATION RECOVERY UNIT,031,OVERPAYMENT - CAPITAL,OC,31OC,05,06,,Judge & Specialist Doctor ,"Cat 5 means 1 specialst, Cat 6 means 2"
COMPENSATION RECOVERY UNIT,031,ONE PROJECT,ON,31ON,05,06,,Judge & Specialist Doctor ,"Cat 5 means 1 specialst, Cat 6 means 2"
COMPENSATION RECOVERY UNIT,031,OVERPAYMENT - STRAIGHTFORWARD,OS,31OS,05,06,,Judge & Specialist Doctor ,"Cat 5 means 1 specialst, Cat 6 means 2"
COMPENSATION RECOVERY UNIT,031,OVERPAYMENT - COMPLEX,OX,31OX,05,06,,Judge & Specialist Doctor ,"Cat 5 means 1 specialst, Cat 6 means 2"
COMPENSATION RECOVERY UNIT,031,RATE OF ASSESSMENT/PAYABILITY ISSUES,RA,31RA,05,06,,Judge & Specialist Doctor ,"Cat 5 means 1 specialst, Cat 6 means 2"
COMPENSATION RECOVERY UNIT,031,RATE OF ASSESSMENT/PAYABILITY ISSUES - COMPLEX,RC,31RC,05,06,,Judge & Specialist Doctor ,"Cat 5 means 1 specialst, Cat 6 means 2"
COMPENSATION RECOVERY UNIT,031,NHS Certificate,RY,31RY,05,06,,Judge & Specialist Doctor ,"Cat 5 means 1 specialst, Cat 6 means 2"
COMPENSATION RECOVERY UNIT,031,SELF EMPLOYED - STRAIGHTFORWARD,SS,31SS,05,06,,Judge & Specialist Doctor ,"Cat 5 means 1 specialst, Cat 6 means 2"
COMPENSATION RECOVERY UNIT,031,SELF EMPLOYED - COMPLEX,SX,31SX,05,06,,Judge & Specialist Doctor ,"Cat 5 means 1 specialst, Cat 6 means 2"
COMPENSATION RECOVERY UNIT,031,SEXUAL ABUSE,XA,31XA,05,06,,Judge & Specialist Doctor ,"Cat 5 means 1 specialst, Cat 6 means 2"
CREDITS - JURY SERVICE,032,INVALID,AA,32AA,01,,,Judge alone,
CREDITS - JURY SERVICE,032,CONDITIONS OF ENTITLEMENT - COMPLEX,CC,32CC,01,,,Judge alone,
CREDITS - JURY SERVICE,032,CONDITIONS OF ENTITLEMENT,CE,32CE,01,,,Judge alone,
CREDITS - JURY SERVICE,032,CIVIL PENALTIES,CP,32CP,01,,,Judge alone,
CREDITS - JURY SERVICE,032,CREDITS,CR,32CR,01,,,Judge alone,
CREDITS - JURY SERVICE,032,APPEAL DIRECTLY LODGED,DD,32DD,01,,,Judge alone,
CREDITS - JURY SERVICE,032,GOOD CAUSE,GC,32GC,01,,,Judge alone,
CREDITS - JURY SERVICE,032,LATE (EXTENDING BACK),LE,32LE,01,,,Judge alone,
CREDITS - JURY SERVICE,032,OVERPAYMENT - CAPITAL,OC,32OC,01,,,Judge alone,
CREDITS - JURY SERVICE,032,ONE PROJECT,ON,32ON,01,,,Judge alone,
CREDITS - JURY SERVICE,032,OVERPAYMENT - STRAIGHTFORWARD,OS,32OS,01,,,Judge alone,
CREDITS - JURY SERVICE,032,RATE OF ASSESSMENT/PAYABILITY ISSUES,RA,32RA,01,,,Judge alone,
CREDITS - JURY SERVICE,032,RATE OF ASSESSMENT/PAYABILITY ISSUES - COMPLEX,RC,32RC,01,,,Judge alone,
CREDITS - STATUTORY SICK PAY,033,INVALID,AA,33AA,01,,,Judge alone,
CREDITS - STATUTORY SICK PAY,033,CONDITIONS OF ENTITLEMENT - COMPLEX,CC,33CC,01,,,Judge alone,
CREDITS - STATUTORY SICK PAY,033,CONDITIONS OF ENTITLEMENT,CE,33CE,01,,,Judge alone,
CREDITS - STATUTORY SICK PAY,033,CIVIL PENALTIES,CP,33CP,01,,,Judge alone,
CREDITS - STATUTORY SICK PAY,033,CREDITS,CR,33CR,01,,,Judge alone,
CREDITS - STATUTORY SICK PAY,033,APPEAL DIRECTLY LODGED,DD,33DD,01,,,Judge alone,
CREDITS - STATUTORY SICK PAY,033,GOOD CAUSE,GC,33GC,01,,,Judge alone,
CREDITS - STATUTORY SICK PAY,033,LATE (EXTENDING BACK),LE,33LE,01,,,Judge alone,
CREDITS - STATUTORY SICK PAY,033,OVERPAYMENT - CAPITAL,OC,33OC,01,,,Judge alone,
CREDITS - STATUTORY SICK PAY,033,ONE PROJECT,ON,33ON,01,,,Judge alone,
CREDITS - STATUTORY SICK PAY,033,OVERPAYMENT - STRAIGHTFORWARD,OS,33OS,01,,,Judge alone,
CREDITS - STATUTORY SICK PAY,033,RATE OF ASSESSMENT/PAYABILITY ISSUES,RA,33RA,01,,,Judge alone,
CREDITS - STATUTORY SICK PAY,033,RATE OF ASSESSMENT/PAYABILITY ISSUES - COMPLEX,RC,33RC,01,,,Judge alone,
COEG,034,INVALID,AA,34AA,01,,,Judge alone,
COEG,034,CONDITIONS OF ENTITLEMENT - COMPLEX,CC,34CC,01,,,Judge alone,
COEG,034,CONDITIONS OF ENTITLEMENT,CE,34CE,01,,,Judge alone,
COEG,034,CIVIL PENALTIES,CP,34CP,01,,,Judge alone,
COEG,034,APPEAL DIRECTLY LODGED,DD,34DD,01,,,Judge alone,
COEG,034,ECHR,EC,34EC,01,,,Judge alone,
COEG,034,EX LEGISLATION,EX,34EX,01,,,Judge alone,
COEG,034,GOOD CAUSE,GC,34GC,01,,,Judge alone,
COEG,034,LATE (EXTENDING BACK),LE,34LE,01,,,Judge alone,
COEG,034,OVERPAYMENT - CAPITAL,OC,34OC,01,,,Judge alone,
COEG,034,ONE PROJECT,ON,34ON,01,,,Judge alone,
COEG,034,OVERPAYMENT - STRAIGHTFORWARD,OS,34OS,01,,,Judge alone,
COEG,034,OVERPAYMENT - COMPLEX,OX,34OX,01,,,Judge alone,
COEG,034,RATE OF ASSESSMENT/PAYABILITY ISSUES,RA,34RA,01,,,Judge alone,
COEG,034,RATE OF ASSESSMENT/PAYABILITY ISSUES - COMPLEX,RC,34RC,01,,,Judge alone,
COEG,034,SELF EMPLOYED - STRAIGHTFORWARD,SS,34SS,01,,,Judge alone,
COEG,034,SELF EMPLOYED - COMPLEX,SX,34SX,01,,,Judge alone,
CREDITS - STATUTORY MATERNITY PAY,035,INVALID,AA,35AA,01,,,Judge alone,
CREDITS - STATUTORY MATERNITY PAY,035,CONDITIONS OF ENTITLEMENT - COMPLEX,CC,35CC,01,,,Judge alone,
CREDITS - STATUTORY MATERNITY PAY,035,CONDITIONS OF ENTITLEMENT,CE,35CE,01,,,Judge alone,
CREDITS - STATUTORY MATERNITY PAY,035,CIVIL PENALTIES,CP,35CP,01,,,Judge alone,
CREDITS - STATUTORY MATERNITY PAY,035,CREDITS,CR,35CR,01,,,Judge alone,
CREDITS - STATUTORY MATERNITY PAY,035,APPEAL DIRECTLY LODGED,DD,35DD,01,,,Judge alone,
CREDITS - STATUTORY MATERNITY PAY,035,GOOD CAUSE,GC,35GC,01,,,Judge alone,
CREDITS - STATUTORY MATERNITY PAY,035,LATE (EXTENDING BACK),LE,35LE,01,,,Judge alone,
CREDITS - STATUTORY MATERNITY PAY,035,OVERPAYMENT - CAPITAL,OC,35OC,01,,,Judge alone,
CREDITS - STATUTORY MATERNITY PAY,035,ONE PROJECT,ON,35ON,01,,,Judge alone,
CREDITS - STATUTORY MATERNITY PAY,035,OVERPAYMENT - STRAIGHTFORWARD,OS,35OS,01,,,Judge alone,
CREDITS - STATUTORY MATERNITY PAY,035,RATE OF ASSESSMENT/PAYABILITY ISSUES,RA,35RA,01,,,Judge alone,
CREDITS - STATUTORY MATERNITY PAY,035,RATE OF ASSESSMENT/PAYABILITY ISSUES - COMPLEX,RC,35RC,01,,,Judge alone,
ROAD TRAFFIC (NHS CHARGES),036,INVALID,AA,36AA,05,06,,Judge & Specialist Doctor ,"Cat 5 means 1 specialst, Cat 6 means 2"
ROAD TRAFFIC (NHS CHARGES),036,CIVIL PENALTIES,CP,36CP,05,06,,Judge & Specialist Doctor ,"Cat 5 means 1 specialst, Cat 6 means 2"
ROAD TRAFFIC (NHS CHARGES),036,APPEAL DIRECTLY LODGED,DD,36DD,05,06,,Judge & Specialist Doctor ,"Cat 5 means 1 specialst, Cat 6 means 2"
ROAD TRAFFIC (NHS CHARGES),036,DISABLEMENT QUESTION,DQ,36DQ,05,06,,Judge & Specialist Doctor ,"Cat 5 means 1 specialst, Cat 6 means 2"
DISABILITY LIVING ALLOWANCE,037,INVALID,AA,37AA,03,,60 minutes,"Judge, Doctor & Disability Member (DQPM)",
DISABILITY LIVING ALLOWANCE,037,ALTERNATIVE DISPUTE RESOLUTION,AR,37AR,03,,60 minutes,"Judge, Doctor & Disability Member (DQPM)",
DISABILITY LIVING ALLOWANCE,037,CONDITIONS OF ENTITLEMENT - COMPLEX,CC,37CC,03,,60 minutes,"Judge, Doctor & Disability Member (DQPM)",
DISABILITY LIVING ALLOWANCE,037,CARE (DLA),CD,37CD,03,,60 minutes,"Judge, Doctor & Disability Member (DQPM)",
DISABILITY LIVING ALLOWANCE,037,CONDITIONS OF ENTITLEMENT,CE,37CE,03,,60 minutes,"Judge, Doctor & Disability Member (DQPM)",
DISABILITY LIVING ALLOWANCE,037,CARE/MOBILITY (DLA),CF,37CF,03,,60 minutes,"Judge, Doctor & Disability Member (DQPM)",
DISABILITY LIVING ALLOWANCE,037,CIVIL PENALTIES,CP,37CP,03,,60 minutes,"Judge, Doctor & Disability Member (DQPM)",
DISABILITY LIVING ALLOWANCE,037,APPEAL DIRECTLY LODGED,DD,37DD,03,,60 minutes,"Judge, Doctor & Disability Member (DQPM)",
DISABILITY LIVING ALLOWANCE,037,ECHR,EC,37EC,03,,60 minutes,"Judge, Doctor & Disability Member (DQPM)",
DISABILITY LIVING ALLOWANCE,037,EXPORTABILITY ISSUES,EI,37EI,03,,60 minutes,"Judge, Doctor & Disability Member (DQPM)",
DISABILITY LIVING ALLOWANCE,037,EX LEGISLATION,EX,37EX,03,,60 minutes,"Judge, Doctor & Disability Member (DQPM)",
DISABILITY LIVING ALLOWANCE,037,GOOD CAUSE,GC,37GC,03,,60 minutes,"Judge, Doctor & Disability Member (DQPM)",
DISABILITY LIVING ALLOWANCE,037,LATE (EXTENDING BACK),LE,37LE,03,,60 minutes,"Judge, Doctor & Disability Member (DQPM)",
DISABILITY LIVING ALLOWANCE,037,MOBILITY (DLA),MD,37MD,03,,60 minutes,"Judge, Doctor & Disability Member (DQPM)",
DISABILITY LIVING ALLOWANCE,037,OVERPAYMENT - CAPITAL,OC,37OC,03,,60 minutes,"Judge, Doctor & Disability Member (DQPM)",
DISABILITY LIVING ALLOWANCE,037,OVERPAYMENT - STRAIGHTFORWARD,OS,37OS,03,,60 minutes,"Judge, Doctor & Disability Member (DQPM)",
DISABILITY LIVING ALLOWANCE,037,OVERPAYMENT - COMPLEX,OX,37OX,03,,60 minutes,"Judge, Doctor & Disability Member (DQPM)",
DISABILITY LIVING ALLOWANCE,037,RATE OF ASSESSMENT/PAYABILITY ISSUES,RA,37RA,03,,60 minutes,"Judge, Doctor & Disability Member (DQPM)",
DISABILITY LIVING ALLOWANCE,037,RATE OF ASSESSMENT/PAYABILITY ISSUES - COMPLEX,RC,37RC,03,,60 minutes,"Judge, Doctor & Disability Member (DQPM)",
PENSION CREDITS,045,INVALID,AA,45AA,01,,,Judge alone,
PENSION CREDITS,045,ASSESSED INCOME PERIODS,AP,45AP,01,,,Judge alone,
PENSION CREDITS,045,ASYLUM,AS,45AS,01,,,Judge alone,
PENSION CREDITS,045,BACK TO WORK BONUS,BW,45BW,01,,,Judge alone,
PENSION CREDITS,045,CONDITIONS OF ENTITLEMENT - COMPLEX,CC,45CC,01,,,Judge alone,
PENSION CREDITS,045,CONDITIONS OF ENTITLEMENT,CE,45CE,01,,,Judge alone,
PENSION CREDITS,045,CAPITAL,CL,45CL,01,,,Judge alone,
PENSION CREDITS,045,CHILD MAINTENANCE BONUS,CM,45CM,01,,,Judge alone,
PENSION CREDITS,045,COMMUNITY ORDER,CO,45CO,01,,,Judge alone,
PENSION CREDITS,045,CIVIL PENALTIES,CP,45CP,01,,,Judge alone,
PENSION CREDITS,045,DISABILITY AND CARERS,DA,45DA,01,,,Judge alone,
PENSION CREDITS,045,APPEAL DIRECTLY LODGED,DD,45DD,01,,,Judge alone,
PENSION CREDITS,045,DISABILITY PREMIUM/SEVERE DISABILITY PREMIUM,DP,45DP,01,,,Judge alone,
PENSION CREDITS,045,ECHR,EC,45EC,01,,,Judge alone,
PENSION CREDITS,045,EX LEGISLATION,EX,45EX,01,,,Judge alone,
PENSION CREDITS,045,HOUSING COSTS,HC,45HC,01,,,Judge alone,
PENSION CREDITS,045,HABITUAL RESIDENCE TEST,HT,45HT,01,,,Judge alone,
PENSION CREDITS,045,INCOME QUERY,IQ,45IQ,01,,,Judge alone,
PENSION CREDITS,045,LATE (EXTENDING BACK),LE,45LE,01,,,Judge alone,
PENSION CREDITS,045,LIVING TOGETHER,LT,45LT,01,,,Judge alone,
PENSION CREDITS,045,OVERPAYMENT - CAPITAL,OC,45OC,01,,,Judge alone,
PENSION CREDITS,045,OVERPAYMENT - STRAIGHTFORWARD,OS,45OS,01,,,Judge alone,
PENSION CREDITS,045,OVERPAYMENT - COMPLEX,OX,45OX,01,,,Judge alone,
PENSION CREDITS,045,PERSONS FROM ABROAD,PF,45PF,01,,,Judge alone,
PENSION CREDITS,045,PREMIUMS,PR,45PR,01,,,Judge alone,
PENSION CREDITS,045,RATE OF ASSESSMENT/PAYABILITY ISSUES,RA,45RA,01,,,Judge alone,
PENSION CREDITS,045,REDUCED BENEFIT DIRECTION,RB,45RB,01,,,Judge alone,
PENSION CREDITS,045,RATE OF ASSESSMENT/PAYABILITY ISSUES - COMPLEX,RC,45RC,01,,,Judge alone,
PENSION CREDITS,045,FUNERAL,SF,45SF,01,,,Judge alone,
PENSION CREDITS,045,MATERNITY,SM,45SM,01,,,Judge alone,
PENSION CREDITS,045,SELF EMPLOYED - STRAIGHTFORWARD,SS,45SS,01,,,Judge alone,
PENSION CREDITS,045,SELF EMPLOYED - COMPLEX,SX,45SX,01,,,Judge alone,
HRP,050,INVALID,AA,50AA,01,,,Judge alone,
HRP,050,CONDITIONS OF ENTITLEMENT - COMPLEX,CC,50CC,01,,,Judge alone,
HRP,050,CONDITIONS OF ENTITLEMENT,CE,50CE,01,,,Judge alone,
HRP,050,CIVIL PENALTIES,CP,50CP,01,,,Judge alone,
HRP,050,APPEAL DIRECTLY LODGED,DD,50DD,01,,,Judge alone,
HRP,050,EX LEGISLATION,EX,50EX,01,,,Judge alone,
HRP,050,GOOD CAUSE,GC,50GC,01,,,Judge alone,
HRP,050,LATE (EXTENDING BACK),LE,50LE,01,,,Judge alone,
HRP,050,OVERPAYMENT - CAPITAL,OC,50OC,01,,,Judge alone,
HRP,050,ONE PROJECT,ON,50ON,01,,,Judge alone,
HRP,050,OVERPAYMENT - STRAIGHTFORWARD,OS,50OS,01,,,Judge alone,
HRP,050,OVERPAYMENT - COMPLEX,OX,50OX,01,,,Judge alone,
HRP,050,RATE OF ASSESSMENT/PAYABILITY ISSUES,RA,50RA,01,,,Judge alone,
HRP,050,RATE OF ASSESSMENT/PAYABILITY ISSUES - COMPLEX,RC,50RC,01,,,Judge alone,
EMPLOYMENT SUPPORT ALLOWANCE,051,INVALID,AA,51AA,01,,,Judge alone,
EMPLOYMENT SUPPORT ALLOWANCE,051,CONTRIBUTION RECORDS,CB,51CB,01,,,Judge alone,
EMPLOYMENT SUPPORT ALLOWANCE,051,CONDITIONS OF ENTITLEMENT,CE,51CE,01,,,Judge alone,
EMPLOYMENT SUPPORT ALLOWANCE,051,CIVIL PENALTIES,CP,51CP,01,,,Judge alone,
EMPLOYMENT SUPPORT ALLOWANCE,051,APPEAL DIRECTLY LODGED,DD,51DD,01,,,Judge alone,
EMPLOYMENT SUPPORT ALLOWANCE,051,ECHR,EC,51EC,01,,,Judge alone,
EMPLOYMENT SUPPORT ALLOWANCE,051,FAILURE TO RETURN THE ESA50,FR,051FR,01,,,Judge alone,
EMPLOYMENT SUPPORT ALLOWANCE,051,FAILURE TO ATTEND A WFI,WI,051WI,01,,,Judge alone,
EMPLOYMENT SUPPORT ALLOWANCE,051,GOOD CAUSE,GC,51GC,01,,20 minutes,Judge alone,
EMPLOYMENT SUPPORT ALLOWANCE,051,HABITUAL RESIDENCE TEST,HT,51HT,01,,,Judge alone,
EMPLOYMENT SUPPORT ALLOWANCE,051,REG. 35 STAY 2014,IM,051IM,01,,,Judge alone,
EMPLOYMENT SUPPORT ALLOWANCE,051,LATE (EXTENDING BACK),LE,51LE,01,,,Judge alone,
EMPLOYMENT SUPPORT ALLOWANCE,051,LIVING TOGETHER,LT,51LT,01,,,Judge alone,
EMPLOYMENT SUPPORT ALLOWANCE,051,NON COMPLIANCE,NC,51NC,01,,,Judge alone,
EMPLOYMENT SUPPORT ALLOWANCE,051,OVERPAYMENT - STRAIGHTFORWARD,OS,51OS,01,,,Judge alone,
EMPLOYMENT SUPPORT ALLOWANCE,051,PROPERTY/CAPITAL SETTLEMENT,PC,51PC,01,,,Judge alone,
EMPLOYMENT SUPPORT ALLOWANCE,051,RATE OF ASSESSMENT/PAYABILITY ISSUES,RA,51RA,01,,,Judge alone,
EMPLOYMENT SUPPORT ALLOWANCE,051,SUPPORT GROUP PLACEMENT,SG,51SG,04,,40 minutes,Judge & Doctor,
EMPLOYMENT SUPPORT ALLOWANCE,051,TIME LIMITED ENTITLEMENT,TL,051TL,01,,,Judge alone,
EMPLOYMENT SUPPORT ALLOWANCE,051,TRANSITIONAL PROTECTION,TP,051TP,01,,,Judge alone,
EMPLOYMENT SUPPORT ALLOWANCE,051,WORK CAPABILITY ASSESSMENT,WC,51WC,04,,40 minutes,Judge & Doctor,
CHILD TAX CREDIT,053,INVALID,AA,53AA,01,,,Judge alone,
CHILD TAX CREDIT,053,CONDITIONS OF ENTITLEMENT - COMPLEX,CC,53CC,01,,,Judge alone,
CHILD TAX CREDIT,053,CONDITIONS OF ENTITLEMENT,CE,53CE,01,,,Judge alone,
CHILD TAX CREDIT,053,CIVIL PENALTIES,CP,53CP,01,,,Judge alone,
CHILD TAX CREDIT,053,APPEAL DIRECTLY LODGED,DD,53DD,01,,,Judge alone,
CHILD TAX CREDIT,053,DISABLEMENT QUESTION,DQ,53DQ,01,,,Judge alone,
CHILD TAX CREDIT,053,ECHR,EC,53EC,01,,,Judge alone,
CHILD TAX CREDIT,053,EX LEGISLATION,EX,53EX,01,,,Judge alone,
CHILD TAX CREDIT,053,FINANCIALLY COMPLEX,FX,53FX,01,,,Judge alone,
CHILD TAX CREDIT,053,LATE (EXTENDING BACK),LE,53LE,01,,,Judge alone,
CHILD TAX CREDIT,053,OVERPAYMENT INTEREST,OI,53OI,01,,,Judge alone,
CHILD TAX CREDIT,053,RATE OF ASSESSMENT/PAYABILITY ISSUES,RA,53RA,01,,,Judge alone,
CHILD TAX CREDIT,053,RATE OF ASSESSMENT/PAYABILITY ISSUES - COMPLEX,RC,53RC,01,,,Judge alone,
WORKING TAX CREDIT,054,INVALID,AA,54AA,01,,,Judge alone,
WORKING TAX CREDIT,054,CONDITIONS OF ENTITLEMENT - COMPLEX,CC,54CC,01,,,Judge alone,
WORKING TAX CREDIT,054,CONDITIONS OF ENTITLEMENT,CE,54CE,01,,,Judge alone,
WORKING TAX CREDIT,054,CIVIL PENALTIES,CP,54CP,01,,,Judge alone,
WORKING TAX CREDIT,054,APPEAL DIRECTLY LODGED,DD,54DD,01,,,Judge alone,
WORKING TAX CREDIT,054,DISABLEMENT QUESTION,DQ,54DQ,01,,,Judge alone,
WORKING TAX CREDIT,054,ECHR,EC,54EC,01,,,Judge alone,
WORKING TAX CREDIT,054,EX LEGISLATION,EX,54EX,01,,,Judge alone,
WORKING TAX CREDIT,054,FINANCIALLY COMPLEX,FX,54FX,01,,,Judge alone,
WORKING TAX CREDIT,054,LATE (EXTENDING BACK),LE,54LE,01,,,Judge alone,
WORKING TAX CREDIT,054,OVERPAYMENT INTEREST,OI,54OI,01,,,Judge alone,
WORKING TAX CREDIT,054,RATE OF ASSESSMENT/PAYABILITY ISSUES,RA,54RA,01,,,Judge alone,
WORKING TAX CREDIT,054,RATE OF ASSESSMENT/PAYABILITY ISSUES - COMPLEX,RC,54RC,01,,,Judge alone,
PENALTY PROCEEDINGS,055,INVALID,AA,55AA,01,,,Judge alone,
PENALTY PROCEEDINGS,055,CIVIL PENALTIES,CP,55CP,01,,,Judge alone,
PENALTY PROCEEDINGS,055,APPEAL DIRECTLY LODGED,DD,55DD,01,,,Judge alone,
PENALTY PROCEEDINGS,055,ENQUIRY CLOSURE,EQ,55EQ,01,,,Judge alone,
PENALTY PROCEEDINGS,055,FAILURE TO COMPLY,FC,55FC,01,,,Judge alone,
PENALTY PROCEEDINGS,055,INCORRECT STATEMENT,IS,55IS,01,,,Judge alone,
CARERS CREDIT,,,,,?,,,,
TAX-FREE CHILDCARE SCHEME,057,CONDITIONS OF ENTITLEMENT,CE,057CE,01,,,Judge alone,
TAX-FREE CHILDCARE SCHEME,057,CIVIL PENALTIES,CP,057CP,01,,,Judge alone,
TAX-FREE CHILDCARE SCHEME,057,APPEAL DIRECTLY LODGED,DD,057DD,01,,,Judge alone,
TAX-FREE CHILDCARE SCHEME,057,RECOVERY OF DEBT,DK,057DK,01,,,Judge alone,
TAX-FREE CHILDCARE SCHEME,057,DISQUALIFICATION FROM THE SCHEME,DS,057DS,01,,,Judge alone,
TAX-FREE CHILDCARE SCHEME,057,ACCOUNT USAGE,RO,057RO,01,,,Judge alone,
TAX-FREE CHILDCARE SCHEME,057,TOP-UP ASSESSMENTS,TU,057TU,01,,,Judge alone,
30 HOURS' FREE CHILDCARE SCHEME,058,CONDITIONS OF ENTITLEMENT,CE,058CE,01,,,Judge alone,
30 HOURS' FREE CHILDCARE SCHEME,058,CIVIL PENALTIES,CP,058CP,01,,,Judge alone,
30 HOURS' FREE CHILDCARE SCHEME,058,APPEAL DIRECTLY LODGED,DD,058DD,01,,,Judge alone,
INCOME SUPPORT,061,INVALID,AA,61AA,01,,,Judge alone,
INCOME SUPPORT,061,ASYLUM,AS,61AS,01,,,Judge alone,
INCOME SUPPORT,061,ALL WORK TEST,AT,61AT,01,,,Judge alone,
INCOME SUPPORT,061,BACK TO WORK BONUS,BW,61BW,01,,,Judge alone,
INCOME SUPPORT,061,CONDITIONS OF ENTITLEMENT - COMPLEX,CC,61CC,01,,,Judge alone,
INCOME SUPPORT,061,CONDITIONS OF ENTITLEMENT,CE,61CE,01,,,Judge alone,
INCOME SUPPORT,061,CAPITAL,CL,61CL,01,,,Judge alone,
INCOME SUPPORT,061,CHILD MAINTENANCE BONUS,CM,61CM,01,,,Judge alone,
INCOME SUPPORT,061,COMMUNITY ORDER,CO,61CO,01,,,Judge alone,
INCOME SUPPORT,061,CIVIL PENALTIES,CP,61CP,01,,,Judge alone,
INCOME SUPPORT,061,CREDITS,CR,61CR,01,,,Judge alone,
INCOME SUPPORT,061,APPEAL DIRECTLY LODGED,DD,61DD,01,,,Judge alone,
INCOME SUPPORT,061,DISABILITY PREMIUM/SEVERE DISABILITY PREMIUM,DP,61DP,01,,,Judge alone,
INCOME SUPPORT,061,DISABLEMENT QUESTION,DQ,61DQ,01,,,Judge alone,
INCOME SUPPORT,061,ECHR,EC,61EC,01,,,Judge alone,
INCOME SUPPORT,061,EX LEGISLATION,EX,61EX,01,,,Judge alone,
INCOME SUPPORT,061,FAILURE TO ATTEND A WFI,WI,061WI,01,,,Judge alone,
INCOME SUPPORT,061,GOOD CAUSE,GC,61GC,01,,,Judge alone,
INCOME SUPPORT,061,HOUSING COSTS,HC,61HC,01,,,Judge alone,
INCOME SUPPORT,061,HABITUAL RESIDENCE TEST,HT,61HT,01,,,Judge alone,
INCOME SUPPORT,061,INDUSTRIAL ACCIDENT,IA,61IA,01,,,Judge alone,
INCOME SUPPORT,061,INDUSTRIAL DISEASE,ID,61ID,01,,,Judge alone,
INCOME SUPPORT,061,INCOME QUERY,IQ,61IQ,01,,,Judge alone,
INCOME SUPPORT,061,LATE (EXTENDING BACK),LE,61LE,01,,,Judge alone,
INCOME SUPPORT,061,LABOUR MARKET ISSUES,LM,61LM,01,,,Judge alone,
INCOME SUPPORT,061,LIVING TOGETHER,LT,61LT,01,,,Judge alone,
INCOME SUPPORT,061,OVERPAYMENT - CAPITAL,OC,61OC,01,,,Judge alone,
INCOME SUPPORT,061,ONE PROJECT,ON,61ON,01,,,Judge alone,
INCOME SUPPORT,061,OVERPAYMENT - STRAIGHTFORWARD,OS,61OS,01,,,Judge alone,
INCOME SUPPORT,061,OVERPAYMENT - COMPLEX,OX,61OX,01,,,Judge alone,
INCOME SUPPORT,061,PROPERTY/CAPITAL SETTLEMENT,PC,61PC,01,,,Judge alone,
INCOME SUPPORT,061,PERSONS FROM ABROAD,PF,61PF,01,,,Judge alone,
INCOME SUPPORT,061,PREMIUMS,PR,61PR,01,,,Judge alone,
INCOME SUPPORT,061,RATE OF ASSESSMENT/PAYABILITY ISSUES,RA,61RA,01,,,Judge alone,
INCOME SUPPORT,061,REDUCED BENEFIT DIRECTION,RB,61RB,01,,,Judge alone,
INCOME SUPPORT,061,RATE OF ASSESSMENT/PAYABILITY ISSUES - COMPLEX,RC,61RC,01,,,Judge alone,
INCOME SUPPORT,061,RECIPROCAL AGREEMENT,RG,61RG,01,,,Judge alone,
INCOME SUPPORT,061,FUNERAL,SF,61SF,01,,,Judge alone,
INCOME SUPPORT,061,MATERNITY,SM,61SM,01,,,Judge alone,
INCOME SUPPORT,061,SELF EMPLOYED - STRAIGHTFORWARD,SS,61SS,01,,,Judge alone,
INCOME SUPPORT,061,SUSPENSIONS,SU,61SU,01,,,Judge alone,
INCOME SUPPORT,061,SELF EMPLOYED - COMPLEX,SX,61SX,01,,,Judge alone,
INCOME SUPPORT,061,TERM-TIME,TT,61TT,01,,,Judge alone,
INCOME SUPPORT,061,SOCIAL FUND WINTER FUEL PAYMENTS,WF,61WF,01,,,Judge alone,
EMPLOYMENT SUPPORT ALLOWANCE REASSESSMENT ,062,INVALID,AA,062AA,01,,,Judge alone,
EMPLOYMENT SUPPORT ALLOWANCE REASSESSMENT ,062,CONTRIBUTION RECORDS,CB,062CB,01,,,Judge alone,
EMPLOYMENT SUPPORT ALLOWANCE REASSESSMENT ,062,CONDITIONS OF ENTITLEMENT,CE,062CE,01,,,Judge alone,
EMPLOYMENT SUPPORT ALLOWANCE REASSESSMENT ,062,CIVIL PENALTIES,CP,062CP,01,,,Judge alone,
EMPLOYMENT SUPPORT ALLOWANCE REASSESSMENT ,062,APPEAL DIRECTLY LODGED,DD,062CP,01,,,Judge alone,
EMPLOYMENT SUPPORT ALLOWANCE REASSESSMENT ,062,EUROPEAN COURT OF HUMAN RIGHTS,EC,062EC,01,,,Judge alone,
EMPLOYMENT SUPPORT ALLOWANCE REASSESSMENT ,062,GOOD CAUSE,GC,062GC,01,,20 minutes,Judge alone,
EMPLOYMENT SUPPORT ALLOWANCE REASSESSMENT ,062,HABITUAL RESIDENCE TEST,HT,062HT,01,,,Judge alone,
EMPLOYMENT SUPPORT ALLOWANCE REASSESSMENT ,062,REG. 35 STAY 2014,IM,062IM,01,,,Judge alone,
EMPLOYMENT SUPPORT ALLOWANCE REASSESSMENT ,062,LATE (EXTENDING BACK),LE,062LE,01,,,Judge alone,
EMPLOYMENT SUPPORT ALLOWANCE REASSESSMENT ,062,LIVING TOGETHER,LT,062LT,01,,,Judge alone,
EMPLOYMENT SUPPORT ALLOWANCE REASSESSMENT ,062,NON COMPLAIANCE/SANCTION,NC,062NC,01,,,Judge alone,
EMPLOYMENT SUPPORT ALLOWANCE REASSESSMENT ,062,OVERPAYMENT,OS,062OS,01,,,Judge alone,
EMPLOYMENT SUPPORT ALLOWANCE REASSESSMENT ,062,PROPERTY/CAPITAL SETTLEMENT,PC,062PC,01,,,Judge alone,
EMPLOYMENT SUPPORT ALLOWANCE REASSESSMENT ,062,RATE OF ASSESSMENT,RA,062RA,01,,,Judge alone,
EMPLOYMENT SUPPORT ALLOWANCE REASSESSMENT ,062,SUPPORT GROUP PLACEMENT,SG,062SG,04,,40 minutes,Judge & Doctor,
EMPLOYMENT SUPPORT ALLOWANCE REASSESSMENT ,062,TRANSITIONAL PROTECTION,TP,062TP,01,,,Judge alone,
EMPLOYMENT SUPPORT ALLOWANCE REASSESSMENT ,062,WORK CAPABILITY ASSESSMENT,WC,062WC,04,,40 minutes,Judge & Doctor,
INDUSTRIAL INJURIES DISABLEMENT BENEFIT,067,INVALID,AA,67AA,05,06,,Judge & Specialist Doctor ,"Cat 5 means 1 specialst, Cat 6 means 2"
INDUSTRIAL INJURIES DISABLEMENT BENEFIT,067,CONTRIBUTION RECORDS,CB,67CB,05,06,,Judge & Specialist Doctor ,"Cat 5 means 1 specialst, Cat 6 means 2"
INDUSTRIAL INJURIES DISABLEMENT BENEFIT,067,CONDITIONS OF ENTITLEMENT - COMPLEX,CC,67CC,05,06,,Judge & Specialist Doctor ,"Cat 5 means 1 specialst, Cat 6 means 2"
INDUSTRIAL INJURIES DISABLEMENT BENEFIT,067,CONDITIONS OF ENTITLEMENT,CE,67CE,05,06,,Judge & Specialist Doctor ,"Cat 5 means 1 specialst, Cat 6 means 2"
INDUSTRIAL INJURIES DISABLEMENT BENEFIT,067,CIVIL PENALTIES,CP,067CP,05,06,,Judge & Specialist Doctor ,"Cat 5 means 1 specialst, Cat 6 means 2"
INDUSTRIAL INJURIES DISABLEMENT BENEFIT,067,"CHEST-PNEUMO', ASBESTOS ETC",CS,67CS,05,06,,Judge & Specialist Doctor ,"Cat 5 means 1 specialst, Cat 6 means 2"
INDUSTRIAL INJURIES DISABLEMENT BENEFIT,067,APPEAL DIRECTLY LODGED,DD,67DD,05,06,,Judge & Specialist Doctor ,"Cat 5 means 1 specialst, Cat 6 means 2"
INDUSTRIAL INJURIES DISABLEMENT BENEFIT,067,DIFFUSE MESOTHELIOMA,DM,67DM,05,06,,Judge & Specialist Doctor ,"Cat 5 means 1 specialst, Cat 6 means 2"
INDUSTRIAL INJURIES DISABLEMENT BENEFIT,067,DISABLEMENT QUESTION,DQ,67DQ,05,06,,Judge & Specialist Doctor ,"Cat 5 means 1 specialst, Cat 6 means 2"
INDUSTRIAL INJURIES DISABLEMENT BENEFIT,067,ECHR,EC,67EC,05,06,,Judge & Specialist Doctor ,"Cat 5 means 1 specialst, Cat 6 means 2"
INDUSTRIAL INJURIES DISABLEMENT BENEFIT,067,EX LEGISLATION,EX,67EX,05,06,,Judge & Specialist Doctor ,"Cat 5 means 1 specialst, Cat 6 means 2"
INDUSTRIAL INJURIES DISABLEMENT BENEFIT,067,FORESTRY WORKER,FW,67FW,05,06,,Judge & Specialist Doctor ,"Cat 5 means 1 specialst, Cat 6 means 2"
INDUSTRIAL INJURIES DISABLEMENT BENEFIT,067,GOOD CAUSE,GC,67GC,05,06,,Judge & Specialist Doctor ,"Cat 5 means 1 specialst, Cat 6 means 2"
INDUSTRIAL INJURIES DISABLEMENT BENEFIT,067,INDUSTRIAL ACCIDENT,IA,67IA,05,06,,Judge & Specialist Doctor ,"Cat 5 means 1 specialst, Cat 6 means 2"
INDUSTRIAL INJURIES DISABLEMENT BENEFIT,067,INDUSTRIAL DISEASE,ID,67ID,05,06,,Judge & Specialist Doctor ,"Cat 5 means 1 specialst, Cat 6 means 2"
INDUSTRIAL INJURIES DISABLEMENT BENEFIT,067,LATE (EXTENDING BACK),LE,67LE,05,06,,Judge & Specialist Doctor ,"Cat 5 means 1 specialst, Cat 6 means 2"
INDUSTRIAL INJURIES DISABLEMENT BENEFIT,067,OSTEOARTHRITIS OF THE KNEE,OK,67OK,05,06,,Judge & Specialist Doctor ,"Cat 5 means 1 specialst, Cat 6 means 2"
INDUSTRIAL INJURIES DISABLEMENT BENEFIT,067,ONE PROJECT,ON,67ON,05,06,,Judge & Specialist Doctor ,"Cat 5 means 1 specialst, Cat 6 means 2"
INDUSTRIAL INJURIES DISABLEMENT BENEFIT,067,OVERPAYMENT - STRAIGHTFORWARD,OS,67OS,05,06,,Judge & Specialist Doctor ,"Cat 5 means 1 specialst, Cat 6 means 2"
INDUSTRIAL INJURIES DISABLEMENT BENEFIT,067,OVERPAYMENT - COMPLEX,OX,67OX,05,06,,Judge & Specialist Doctor ,"Cat 5 means 1 specialst, Cat 6 means 2"
INDUSTRIAL INJURIES DISABLEMENT BENEFIT,067,RATE OF ASSESSMENT/PAYABILITY ISSUES,RA,67RA,05,06,,Judge & Specialist Doctor ,"Cat 5 means 1 specialst, Cat 6 means 2"
INDUSTRIAL INJURIES DISABLEMENT BENEFIT,067,RATE OF ASSESSMENT/PAYABILITY ISSUES - COMPLEX,RC,67RC,05,06,,Judge & Specialist Doctor ,"Cat 5 means 1 specialst, Cat 6 means 2"
CARER'S ALLOWANCE,070,INVALID,AA,70AA,01,,,Judge alone,
CARER'S ALLOWANCE,070,CONDITIONS OF ENTITLEMENT - COMPLEX,CC,70CC,01,,,Judge alone,
CARER'S ALLOWANCE,070,CONDITIONS OF ENTITLEMENT,CE,70CE,01,,,Judge alone,
CARER'S ALLOWANCE,070,CIVIL PENALTIES,CP,070CP,01,,,Judge alone,
CARER'S ALLOWANCE,070,APPEAL DIRECTLY LODGED,DD,070DD,01,,,Judge alone,
CARER'S ALLOWANCE,070,ECHR,EC,70EC,01,,,Judge alone,
CARER'S ALLOWANCE,070,EXPORTABILITY ISSUES,EI,70EI,01,,,Judge alone,
CARER'S ALLOWANCE,070,EX LEGISLATION,EX,70EX,01,,,Judge alone,
CARER'S ALLOWANCE,070,GOOD CAUSE,GC,70GC,01,,,Judge alone,
CARER'S ALLOWANCE,070,LATE (EXTENDING BACK),LE,70LE,01,,,Judge alone,
CARER'S ALLOWANCE,070,ONE PROJECT,ON,70ON,01,,,Judge alone,
CARER'S ALLOWANCE,070,OVERPAYMENT - STRAIGHTFORWARD,OS,70OS,01,,,Judge alone,
CARER'S ALLOWANCE,070,OVERPAYMENT - COMPLEX,OX,70OX,01,,,Judge alone,
CARER'S ALLOWANCE,070,RATE OF ASSESSMENT/PAYABILITY ISSUES,RA,70RA,01,,,Judge alone,
CARER'S ALLOWANCE,070,RATE OF ASSESSMENT/PAYABILITY ISSUES - COMPLEX,RC,70RC,01,,,Judge alone,
JOB SEEKERS ALLOWANCE,073,INVALID,AA,73AA,01,,,Judge alone,
JOB SEEKERS ALLOWANCE,073,ASYLUM,AS,73AS,01,,,Judge alone,
JOB SEEKERS ALLOWANCE,073,ALL WORK TEST,AT,73AT,01,,,Judge alone,
JOB SEEKERS ALLOWANCE,073,AVAILABILITY FOR WORK,AV,073AV,01,,,Judge alone,
JOB SEEKERS ALLOWANCE,073,ACTIVELY SEEKING WORK,AW,073AW,01,,,Judge alone,
JOB SEEKERS ALLOWANCE,073,BACK TO WORK BONUS,BW,73BW,01,,,Judge alone,
JOB SEEKERS ALLOWANCE,073,CONTRIBUTION RECORDS,CB,73CB,01,,,Judge alone,
JOB SEEKERS ALLOWANCE,073,CONDITIONS OF ENTITLEMENT - COMPLEX,CC,73CC,01,,,Judge alone,
JOB SEEKERS ALLOWANCE,073,CONDITIONS OF ENTITLEMENT,CE,73CE,01,,,Judge alone,
JOB SEEKERS ALLOWANCE,073,CAPITAL,CL,73CL,01,,,Judge alone,
JOB SEEKERS ALLOWANCE,073,CHILD MAINTENANCE BONUS,CM,73CM,01,,,Judge alone,
JOB SEEKERS ALLOWANCE,073,COMMUNITY ORDER,CO,73CO,01,,,Judge alone,
JOB SEEKERS ALLOWANCE,073,CIVIL PENALTIES,CP,073CP,01,,,Judge alone,
JOB SEEKERS ALLOWANCE,073,CREDITS,CR,73CR,01,,,Judge alone,
JOB SEEKERS ALLOWANCE,073,APPEAL DIRECTLY LODGED,DD,073DD,01,,,Judge alone,
JOB SEEKERS ALLOWANCE,073,JOBSEEKER'S DIRECTION,DR,73DR,01,,,Judge alone,
JOB SEEKERS ALLOWANCE,073,ECHR,EC,73EC,01,,,Judge alone,
JOB SEEKERS ALLOWANCE,073,EX LEGISLATION,EX,73EX,01,,,Judge alone,
JOB SEEKERS ALLOWANCE,073,FAILURE TO ATTEND,FT,73FT,01,,,Judge alone,
JOB SEEKERS ALLOWANCE,073,GOOD CAUSE,GC,73GC,01,,,Judge alone,
JOB SEEKERS ALLOWANCE,073,HOUSING COSTS,HC,73HC,01,,,Judge alone,
JOB SEEKERS ALLOWANCE,073,HABITUAL RESIDENCE TEST,HT,73HT,01,,,Judge alone,
JOB SEEKERS ALLOWANCE,073,INCOME QUERY,IQ,73IQ,01,,,Judge alone,
JOB SEEKERS ALLOWANCE,073,LATE (EXTENDING BACK),LE,73LE,01,,,Judge alone,
JOB SEEKERS ALLOWANCE,073,LABOUR MARKET ISSUES,LM,73LM,01,,,Judge alone,
JOB SEEKERS ALLOWANCE,073,LIVING TOGETHER,LT,73LT,01,,,Judge alone,
JOB SEEKERS ALLOWANCE,073,OVERPAYMENT - CAPITAL,OC,73OC,01,,,Judge alone,
JOB SEEKERS ALLOWANCE,073,ONE PROJECT,ON,73ON,01,,,Judge alone,
JOB SEEKERS ALLOWANCE,073,OVERPAYMENT - STRAIGHTFORWARD,OS,73OS,01,,,Judge alone,
JOB SEEKERS ALLOWANCE,073,OVERPAYMENT - COMPLEX,OX,73OX,01,,,Judge alone,
JOB SEEKERS ALLOWANCE,073,PROPERTY/CAPITAL SETTLEMENT,PC,73PC,01,,,Judge alone,
JOB SEEKERS ALLOWANCE,073,PERSONS FROM ABROAD,PF,73PF,01,,,Judge alone,
JOB SEEKERS ALLOWANCE,073,RATE OF ASSESSMENT/PAYABILITY ISSUES,RA,73RA,01,,,Judge alone,
JOB SEEKERS ALLOWANCE,073,REDUCED BENEFIT DIRECTION,RB,73RB,01,,,Judge alone,
JOB SEEKERS ALLOWANCE,073,RATE OF ASSESSMENT/PAYABILITY ISSUES - COMPLEX,RC,73RC,01,,,Judge alone,
JOB SEEKERS ALLOWANCE,073,REFUSAL OF EMPLOYMENT,RE,073RE,01,,,Judge alone,
JOB SEEKERS ALLOWANCE,073,RECIPROCAL AGREEMENT,RG,73RG,01,,,Judge alone,
JOB SEEKERS ALLOWANCE,073,Reilly Wilson Stay 2 (LM) 2015,RR,073RR,01,,,Judge alone,
JOB SEEKERS ALLOWANCE,073,Reilly Wilson Stay 3 (LM) 2016,RT,073RT,01,,,Judge alone,
JOB SEEKERS ALLOWANCE,073,MATERNITY,SM,73SM,01,,,Judge alone,
JOB SEEKERS ALLOWANCE,073,SELF EMPLOYED - STRAIGHTFORWARD,SS,73SS,01,,,Judge alone,
JOB SEEKERS ALLOWANCE,073,SUSPENSIONS,SU,73SU,01,,,Judge alone,
JOB SEEKERS ALLOWANCE,073,SELF EMPLOYED - COMPLEX,SX,73SX,01,,,Judge alone,
HOUSING BENEFIT,075,INVALID,AA,75AA,01,,40 minutes,Judge alone,
HOUSING BENEFIT,075,SANCTION FOR ANTI-SOCIAL BEHAVIOUR,AB,75AB,01,,40 minutes,Judge alone,
HOUSING BENEFIT,075,ASYLUM,AS,75AS,01,,40 minutes,Judge alone,
HOUSING BENEFIT,075,ASSESSED AS UNABLE TO PAY  COMPLEX,AX,75AX,01,,40 minutes,Judge alone,
HOUSING BENEFIT,075,BACKDATING,BD,75BD,01,,40 minutes,Judge alone,
HOUSING BENEFIT,075,BEDROOM REDUCTION,BR,075BR,01,,40 minutes,Judge alone,
HOUSING BENEFIT,075,CONDITIONS OF ENTITLEMENT - COMPLEX,CC,75CC,01,,40 minutes,Judge alone,
HOUSING BENEFIT,075,CONDITIONS OF ENTITLEMENT,CE,75CE,01,,40 minutes,Judge alone,
HOUSING BENEFIT,075,CAPITAL,CL,75CL,01,,40 minutes,Judge alone,
HOUSING BENEFIT,075,CIVIL PENALTIES,CP,075CP,01,,40 minutes,Judge alone,
HOUSING BENEFIT,075,DIRECT PAYMENT OF HB - CLAIMANT,DC,75DC,01,,40 minutes,Judge alone,
HOUSING BENEFIT,075,APPEAL DIRECTLY LODGED,DD,075DD,01,,40 minutes,Judge alone,
HOUSING BENEFIT,075,DATE OF ENTITLEMENT,DE,75DE,01,,40 minutes,Judge alone,
HOUSING BENEFIT,075,DIRECT PAYMENT OF HB - LANDLORD,DL,75DL,01,,40 minutes,Judge alone,
HOUSING BENEFIT,075,DISABILITY PREMIUM/SEVERE DISABILITY PREMIUM,DP,75DP,01,,40 minutes,Judge alone,
HOUSING BENEFIT,075,ECHR,EC,75EC,01,,40 minutes,Judge alone,
HOUSING BENEFIT,075,EX LEGISLATION,EX,75EX,01,,40 minutes,Judge alone,
HOUSING BENEFIT,075,GOOD CAUSE,GC,75GC,01,,40 minutes,Judge alone,
HOUSING BENEFIT,075,SUPPORTED HOUSING - WHAT IS ELIGIBLE FOR HB,HS,75HS,01,,40 minutes,Judge alone,
HOUSING BENEFIT,075,HABITUAL RESIDENCE TEST,HT,75HT,01,,40 minutes,Judge alone,
HOUSING BENEFIT,075,INCOME QUERY,IQ,75IQ,01,,40 minutes,Judge alone,
HOUSING BENEFIT,075,LATE (EXTENDING BACK),LE,75LE,01,,40 minutes,Judge alone,
HOUSING BENEFIT,075,LOCAL HOUSING ALLOWANCE,LH,75LH,01,,40 minutes,Judge alone,
HOUSING BENEFIT,075,LIVING TOGETHER,LT,75LT,01,,40 minutes,Judge alone,
HOUSING BENEFIT,075,ASSESSED AS UNLIKELY TO PAY  COMPLEX,LX,75LX,01,,40 minutes,Judge alone,
HOUSING BENEFIT,075,OVERPAYMENT - CAPITAL,OC,75OC,01,,40 minutes,Judge alone,
HOUSING BENEFIT,075,OVERPAYMENT - SEEK RECOVERY FROM LANDLORD/LETTING,OL,75OL,01,,40 minutes,Judge alone,
HOUSING BENEFIT,075,OVERPAYMENT - STRAIGHTFORWARD,OS,75OS,01,,40 minutes,Judge alone,
HOUSING BENEFIT,075,OVERPAYMENT - COMPLEX,OX,75OX,01,,40 minutes,Judge alone,
HOUSING BENEFIT,075,PROPERTY/CAPITAL SETTLEMENT,PC,75PC,01,,40 minutes,Judge alone,
HOUSING BENEFIT,075,PERSONS FROM ABROAD,PF,75PF,01,,40 minutes,Judge alone,
HOUSING BENEFIT,075,PREMIUMS,PR,75PR,01,,40 minutes,Judge alone,
HOUSING BENEFIT,075,RATE OF ASSESSMENT/PAYABILITY ISSUES,RA,75RA,01,,40 minutes,Judge alone,
HOUSING BENEFIT,075,RATE OF ASSESSMENT/PAYABILITY ISSUES - COMPLEX,RC,75RC,01,,40 minutes,Judge alone,
HOUSING BENEFIT,075,RENT OFFICERS DECISIONS,RD,75RD,01,,40 minutes,Judge alone,
HOUSING BENEFIT,075,RECIPROCAL AGREEMENT,RG,75RG,01,,40 minutes,Judge alone,
HOUSING BENEFIT,075,RENT ISSUES - INCLUDING OLD REG 11,RI,75RI,01,,40 minutes,Judge alone,
HOUSING BENEFIT,075,LIABILITY TO PAY RENT,RL,75RL,01,,40 minutes,Judge alone,
HOUSING BENEFIT,075,RESIDENCY,RS,75RS,01,,40 minutes,Judge alone,
HOUSING BENEFIT,075,SANCTION APPLIED IN ONE PILOT,SC,75SC,01,,40 minutes,Judge alone,
HOUSING BENEFIT,075,SELF EMPLOYED - STRAIGHTFORWARD,SS,75SS,01,,40 minutes,Judge alone,
HOUSING BENEFIT,075,SUSPENSIONS,SU,75SU,01,,40 minutes,Judge alone,
HOUSING BENEFIT,075,SELF EMPLOYED - COMPLEX,SX,75SX,01,,40 minutes,Judge alone,
HOUSING BENEFIT,075,TERMINATION OF BENEFIT - FAILURE TO PROVIDE FURTHE,TB,75TB,01,,40 minutes,Judge alone,
HOUSING BENEFIT,075,EXCEPTIONAL CIRCUMSTANCES PAYMENTS,TE,75TE,01,,40 minutes,Judge alone,
HOUSING BENEFIT,075,EXCEPTIONAL HARDSHIP PAYMENTS,TO,75TO,01,,40 minutes,Judge alone,
HOUSING BENEFIT,075,ASSESSED AS UNABLE TO PAY - STRAIGHTFORWARD,UA,75UA,01,,40 minutes,Judge alone,
HOUSING BENEFIT,075,ASSESSED AS UNLIKELY TO PAY - STRAIGHTFORWARD,UL,75UL,01,,40 minutes,Judge alone,
MATERNITY BENEFIT/ALLOWANCES,079,INVALID,AA,79AA,01,,,Judge alone,
MATERNITY BENEFIT/ALLOWANCES,079,CONDITIONS OF ENTITLEMENT - COMPLEX,CC,79CC,01,,,Judge alone,
MATERNITY BENEFIT/ALLOWANCES,079,CONDITIONS OF ENTITLEMENT,CE,79CE,01,,,Judge alone,
MATERNITY BENEFIT/ALLOWANCES,079,CIVIL PENALTIES,CP,079CP,01,,,Judge alone,
MATERNITY BENEFIT/ALLOWANCES,079,APPEAL DIRECTLY LODGED,DD,79DD,01,,,Judge alone,
MATERNITY BENEFIT/ALLOWANCES,079,ECHR,EC,79EC,01,,,Judge alone,
MATERNITY BENEFIT/ALLOWANCES,079,EX LEGISLATION,EX,79EX,01,,,Judge alone,
MATERNITY BENEFIT/ALLOWANCES,079,GOOD CAUSE,GC,79GC,01,,,Judge alone,
MATERNITY BENEFIT/ALLOWANCES,079,LATE (EXTENDING BACK),LE,79LE,01,,,Judge alone,
MATERNITY BENEFIT/ALLOWANCES,079,LIVING TOGETHER,LT,79LT,01,,,Judge alone,
MATERNITY BENEFIT/ALLOWANCES,079,ONE PROJECT,ON,79ON,01,,,Judge alone,
MATERNITY BENEFIT/ALLOWANCES,079,OVERPAYMENT - STRAIGHTFORWARD,OS,79OS,01,,,Judge alone,
MATERNITY BENEFIT/ALLOWANCES,079,OVERPAYMENT - COMPLEX,OX,79OX,01,,,Judge alone,
MATERNITY BENEFIT/ALLOWANCES,079,RATE OF ASSESSMENT/PAYABILITY ISSUES,RA,79RA,01,,,Judge alone,
MATERNITY BENEFIT/ALLOWANCES,079,RATE OF ASSESSMENT/PAYABILITY ISSUES - COMPLEX,RC,79RC,01,,,Judge alone,
RETIREMENT PENSION,082,INVALID,AA,82AA,01,,,Judge alone,
RETIREMENT PENSION,082,CONTRIBUTION RECORDS,CB,82CB,01,,,Judge alone,
RETIREMENT PENSION,082,CONDITIONS OF ENTITLEMENT - COMPLEX,CC,82CC,01,,,Judge alone,
RETIREMENT PENSION,082,CONDITIONS OF ENTITLEMENT,CE,82CE,01,,,Judge alone,
RETIREMENT PENSION,082,CIVIL PENALTIES,CP,082CP,01,,,Judge alone,
RETIREMENT PENSION,082,APPEAL DIRECTLY LODGED,DD,082DD,01,,,Judge alone,
RETIREMENT PENSION,082,ECHR,EC,82EC,01,,,Judge alone,
RETIREMENT PENSION,082,EX LEGISLATION,EX,82EX,01,,,Judge alone,
RETIREMENT PENSION,082,GOOD CAUSE,GC,82GC,01,,,Judge alone,
RETIREMENT PENSION,082,LATE (EXTENDING BACK),LE,82LE,01,,,Judge alone,
RETIREMENT PENSION,082,LIVING TOGETHER,LT,82LT,01,,,Judge alone,
RETIREMENT PENSION,082,ONE PROJECT,ON,82ON,01,,,Judge alone,
RETIREMENT PENSION,082,OVERPAYMENT - STRAIGHTFORWARD,OS,82OS,01,,,Judge alone,
RETIREMENT PENSION,082,OVERPAYMENT - COMPLEX,OX,82OX,01,,,Judge alone,
RETIREMENT PENSION,082,RATE OF ASSESSMENT/PAYABILITY ISSUES,RA,82RA,01,,,Judge alone,
RETIREMENT PENSION,082,RATE OF ASSESSMENT/PAYABILITY ISSUES - COMPLEX,RC,82RC,01,,,Judge alone,
SOCIAL FUND - MATERNITY,088,INVALID,AA,88AA,01,,,Judge alone,
SOCIAL FUND - MATERNITY,088,CONDITIONS OF ENTITLEMENT - COMPLEX,CC,88CC,01,,,Judge alone,
SOCIAL FUND - MATERNITY,088,CONDITIONS OF ENTITLEMENT,CE,88CE,01,,,Judge alone,
SOCIAL FUND - MATERNITY,088,CIVIL PENALTIES,CP,088CP,01,,,Judge alone,
SOCIAL FUND - MATERNITY,088,APPEAL DIRECTLY LODGED,DD,088DD,01,,,Judge alone,
SOCIAL FUND - MATERNITY,088,ECHR,EC,88EC,01,,,Judge alone,
SOCIAL FUND - MATERNITY,088,EX LEGISLATION,EX,88EX,01,,,Judge alone,
SOCIAL FUND - MATERNITY,088,GOOD CAUSE,GC,88GC,01,,,Judge alone,
SOCIAL FUND - MATERNITY,088,LATE (EXTENDING BACK),LE,88LE,01,,,Judge alone,
SOCIAL FUND - MATERNITY,088,OVERPAYMENT - CAPITAL,OC,88OC,01,,,Judge alone,
SOCIAL FUND - MATERNITY,088,ONE PROJECT,ON,88ON,01,,,Judge alone,
SOCIAL FUND - MATERNITY,088,OVERPAYMENT - STRAIGHTFORWARD,OS,88OS,01,,,Judge alone,
SOCIAL FUND - MATERNITY,088,OVERPAYMENT - COMPLEX,OX,88OX,01,,,Judge alone,
SOCIAL FUND - MATERNITY,088,PERSONS FROM ABROAD,PF,88PF,01,,,Judge alone,
SOCIAL FUND - MATERNITY,088,RATE OF ASSESSMENT/PAYABILITY ISSUES,RA,88RA,01,,,Judge alone,
SOCIAL FUND - MATERNITY,088,RATE OF ASSESSMENT/PAYABILITY ISSUES - COMPLEX,RC,88RC,01,,,Judge alone,
SOCIAL FUND - MATERNITY,088,FUNERAL,SF,88SF,01,,,Judge alone,
SOCIAL FUND - MATERNITY,088,MATERNITY,SM,88SM,01,,,Judge alone,
SOCIAL FUND - FUNERAL,089,INVALID,AA,89AA,01,,,Judge alone,
SOCIAL FUND - FUNERAL,089,CONDITIONS OF ENTITLEMENT - COMPLEX,CC,89CC,01,,,Judge alone,
SOCIAL FUND - FUNERAL,089,CONDITIONS OF ENTITLEMENT,CE,89CE,01,,,Judge alone,
SOCIAL FUND - FUNERAL,089,CIVIL PENALTIES,CP,089CP,01,,,Judge alone,
SOCIAL FUND - FUNERAL,089,APPEAL DIRECTLY LODGED,DD,089DD,01,,,Judge alone,
SOCIAL FUND - FUNERAL,089,ECHR,EC,89EC,01,,,Judge alone,
SOCIAL FUND - FUNERAL,089,EX LEGISLATION,EX,89EX,01,,,Judge alone,
SOCIAL FUND - FUNERAL,089,GOOD CAUSE,GC,89GC,01,,,Judge alone,
SOCIAL FUND - FUNERAL,089,LATE (EXTENDING BACK),LE,89LE,01,,,Judge alone,
SOCIAL FUND - FUNERAL,089,OVERPAYMENT - CAPITAL,OC,89OC,01,,,Judge alone,
SOCIAL FUND - FUNERAL,089,ONE PROJECT,ON,89ON,01,,,Judge alone,
SOCIAL FUND - FUNERAL,089,OVERPAYMENT - STRAIGHTFORWARD,OS,89OS,01,,,Judge alone,
SOCIAL FUND - FUNERAL,089,OVERPAYMENT - COMPLEX,OX,89OX,01,,,Judge alone,
SOCIAL FUND - FUNERAL,089,PERSONS FROM ABROAD,PF,89PF,01,,,Judge alone,
SOCIAL FUND - FUNERAL,089,RATE OF ASSESSMENT/PAYABILITY ISSUES,RA,89RA,01,,,Judge alone,
SOCIAL FUND - FUNERAL,089,RATE OF ASSESSMENT/PAYABILITY ISSUES - COMPLEX,RC,89RC,01,,,Judge alone,
SOCIAL FUND - FUNERAL,089,FUNERAL,SF,89SF,01,,,Judge alone,
SOCIAL FUND - FUNERAL,089,MATERNITY,SM,89SM,01,,,Judge alone,
CHILDREN'S FUNERAL FUND FOR ENGLAND,090,APPEAL DIRECTLY LODGED,DD,090DD,01,,,Judge alone,
CHILDREN'S FUNERAL FUND FOR ENGLAND,090,FUNERAL FUND,FF,090FF,01,,,Judge alone,
VACCINE DAMAGE APPEALS TRIBUNALS,091,INVALID,AA,91AA,05,06,,Judge & Specialist Doctor ,"Cat 5 means 1 specialst, Cat 6 means 2"
VACCINE DAMAGE APPEALS TRIBUNALS,091,CONDITIONS OF ENTITLEMENT - COMPLEX,CC,91CC,05,06,,Judge & Specialist Doctor ,"Cat 5 means 1 specialst, Cat 6 means 2"
VACCINE DAMAGE APPEALS TRIBUNALS,091,CONDITIONS OF ENTITLEMENT,CE,91CE,05,06,,Judge & Specialist Doctor ,"Cat 5 means 1 specialst, Cat 6 means 2"
VACCINE DAMAGE APPEALS TRIBUNALS,091,CIVIL PENALTIES,CP,091CP,05,06,,Judge & Specialist Doctor ,"Cat 5 means 1 specialst, Cat 6 means 2"
VACCINE DAMAGE APPEALS TRIBUNALS,091,APPEAL DIRECTLY LODGED,DD,091DD,05,06,,Judge & Specialist Doctor ,"Cat 5 means 1 specialst, Cat 6 means 2"
VACCINE DAMAGE APPEALS TRIBUNALS,091,DISABLEMENT QUESTION,DQ,91DQ,05,06,,Judge & Specialist Doctor ,"Cat 5 means 1 specialst, Cat 6 means 2"
VACCINE DAMAGE APPEALS TRIBUNALS,091,ECHR,EC,91EC,05,06,,Judge & Specialist Doctor ,"Cat 5 means 1 specialst, Cat 6 means 2"
VACCINE DAMAGE APPEALS TRIBUNALS,091,GOOD CAUSE,GC,91GC,05,06,,Judge & Specialist Doctor ,"Cat 5 means 1 specialst, Cat 6 means 2"
VACCINE DAMAGE APPEALS TRIBUNALS,091,LATE (EXTENDING BACK),LE,91LE,05,06,,Judge & Specialist Doctor ,"Cat 5 means 1 specialst, Cat 6 means 2"
VACCINE DAMAGE APPEALS TRIBUNALS,091,ONE PROJECT,ON,91ON,05,06,,Judge & Specialist Doctor ,"Cat 5 means 1 specialst, Cat 6 means 2"
VACCINE DAMAGE APPEALS TRIBUNALS,091,RATE OF ASSESSMENT/PAYABILITY ISSUES,RA,91RA,05,06,,Judge & Specialist Doctor ,"Cat 5 means 1 specialst, Cat 6 means 2"
VACCINE DAMAGE APPEALS TRIBUNALS,091,RATE OF ASSESSMENT/PAYABILITY ISSUES - COMPLEX,RC,91RC,05,06,,Judge & Specialist Doctor ,"Cat 5 means 1 specialst, Cat 6 means 2"
BEREAVEMENT BENEFIT,094,INVALID,AA,94AA,01,,,Judge alone,
BEREAVEMENT BENEFIT,094,CONTRIBUTION RECORDS,CB,94CB,01,,,Judge alone,
BEREAVEMENT BENEFIT,094,CONDITIONS OF ENTITLEMENT - COMPLEX,CC,94CC,01,,,Judge alone,
BEREAVEMENT BENEFIT,094,CONDITIONS OF ENTITLEMENT,CE,94CE,01,,,Judge alone,
BEREAVEMENT BENEFIT,094,CIVIL PENALTIES,CP,094CP,01,,,Judge alone,
BEREAVEMENT BENEFIT,094,APPEAL DIRECTLY LODGED,DD,094DD,01,,,Judge alone,
BEREAVEMENT BENEFIT,094,ECHR,EC,94EC,01,,,Judge alone,
BEREAVEMENT BENEFIT,094,EX LEGISLATION,EX,94EX,01,,,Judge alone,
BEREAVEMENT BENEFIT,094,GOOD CAUSE,GC,94GC,01,,,Judge alone,
BEREAVEMENT BENEFIT,094,LATE (EXTENDING BACK),LE,94LE,01,,,Judge alone,
BEREAVEMENT BENEFIT,094,LIVING TOGETHER,LT,94LT,01,,,Judge alone,
BEREAVEMENT BENEFIT,094,OVERPAYMENT - CAPITAL,OC,94OC,01,,,Judge alone,
BEREAVEMENT BENEFIT,094,ONE PROJECT,ON,94ON,01,,,Judge alone,
BEREAVEMENT BENEFIT,094,OVERPAYMENT - STRAIGHTFORWARD,OS,94OS,01,,,Judge alone,
BEREAVEMENT BENEFIT,094,OVERPAYMENT - COMPLEX,OX,94OX,01,,,Judge alone,
BEREAVEMENT BENEFIT,094,RATE OF ASSESSMENT/PAYABILITY ISSUES,RA,94RA,01,,,Judge alone,
BEREAVEMENT BENEFIT,094,RATE OF ASSESSMENT/PAYABILITY ISSUES - COMPLEX,RC,94RC,01,,,Judge alone,
BEREAVEMENT SUPPORT PAYMENT SCHEME,095,CONTRIBUTION RECORDS,CB,095CB,01,,,Judge alone,
BEREAVEMENT SUPPORT PAYMENT SCHEME,095,CONDITIONS OF ENTITLEMENT - COMPLEX,CC,095CC,01,,,Judge alone,
BEREAVEMENT SUPPORT PAYMENT SCHEME,095,CONDITIONS OF ENTITLEMENT,CE,095CE,01,,,Judge alone,
BEREAVEMENT SUPPORT PAYMENT SCHEME,095,CIVIL PENALTIES,CP,095CP,01,,,Judge alone,
BEREAVEMENT SUPPORT PAYMENT SCHEME,095,APPEAL DIRECTLY LODGED,DD,095DD,01,,,Judge alone,
BEREAVEMENT SUPPORT PAYMENT SCHEME,095,LATE (EXTENDING BACK),LE,095LE,01,,,Judge alone,
BEREAVEMENT SUPPORT PAYMENT SCHEME,095,OVERPAYMENT - STRAIGHTFORWARD,OS,095OS,01,,,Judge alone,
BEREAVEMENT SUPPORT PAYMENT SCHEME,095,RATE OF ASSESMENT/PAYABILITY ISSUES,RA,095RA,01,,,Judge alone,
WORKING FAMILIES TAX CREDIT,096,INVALID,AA,96AA,01,,,Judge alone,
WORKING FAMILIES TAX CREDIT,096,CONDITIONS OF ENTITLEMENT - COMPLEX,CC,96CC,01,,,Judge alone,
WORKING FAMILIES TAX CREDIT,096,CONDITIONS OF ENTITLEMENT,CE,96CE,01,,,Judge alone,
WORKING FAMILIES TAX CREDIT,096,CIVIL PENALTIES,CP,096CP,01,,,Judge alone,
WORKING FAMILIES TAX CREDIT,096,CREDITS,CR,96CR,01,,,Judge alone,
WORKING FAMILIES TAX CREDIT,096,APPEAL DIRECTLY LODGED,DD,09DD,01,,,Judge alone,
WORKING FAMILIES TAX CREDIT,096,ECHR,EC,96EC,01,,,Judge alone,
WORKING FAMILIES TAX CREDIT,096,EX LEGISLATION,EX,96EX,01,,,Judge alone,
WORKING FAMILIES TAX CREDIT,096,GOOD CAUSE,GC,96GC,01,,,Judge alone,
WORKING FAMILIES TAX CREDIT,096,LATE (EXTENDING BACK),LE,96LE,01,,,Judge alone,
WORKING FAMILIES TAX CREDIT,096,OVERPAYMENT - CAPITAL,OC,96OC,01,,,Judge alone,
WORKING FAMILIES TAX CREDIT,096,ONE PROJECT,ON,96ON,01,,,Judge alone,
WORKING FAMILIES TAX CREDIT,096,OVERPAYMENT - STRAIGHTFORWARD,OS,96OS,01,,,Judge alone,
WORKING FAMILIES TAX CREDIT,096,OVERPAYMENT - COMPLEX,OX,96OX,01,,,Judge alone,
WORKING FAMILIES TAX CREDIT,096,RATE OF ASSESSMENT/PAYABILITY ISSUES,RA,96RA,01,,,Judge alone,
WORKING FAMILIES TAX CREDIT,096,RATE OF ASSESSMENT/PAYABILITY ISSUES - COMPLEX,RC,96RC,01,,,Judge alone,
